Year,Date,Time,home_team,away_team,home_score,away_score,stage,SpecialWinConditions,Stadium,City,Attendance,year,is_penalty_shootout,result
1957,2057-02-10,,Sudan,Egypt,1.0,2.0,Semifinals,,Municipal Stadium, Khartoum,30000.0,1957,False,L
1957,2057-02-16,,Egypt,Ethiopia,4.0,0.0,Final,,Municipal Stadium, Khartoum,30000.0,1957,False,W
1959,2059-05-22,,Egypt,Ethiopia,4.0,0.0,Final Tournament,,Prince Farouk Stadium, Cairo,30000.0,1959,False,W
1959,2059-05-25,,Sudan,Ethiopia,1.0,0.0,Final Tournament,,Prince Farouk Stadium, Cairo,20000.0,1959,False,W
1959,2059-05-29,,Egypt,Sudan,2.0,1.0,Final Tournament,,Prince Farouk Stadium, Cairo,30000.0,1959,False,W
1962,2062-01-14,,Ethiopia,Tunisia,4.0,2.0,Semifinals,,Hailé Sélassié Stadium, Addis Ababa,30000.0,1962,False,W
1962,2062-01-18,,Egypt,Uganda,2.0,1.0,Semifinals,,Hailé Sélassié Stadium, Addis Ababa,30000.0,1962,False,W
1962,2062-01-20,,Tunisia,Uganda,3.0,0.0,Third place match,,Hailé Sélassié Stadium, Addis Ababa,,1962,False,W
1962,2062-01-21,,Ethiopia,Egypt,4.0,2.0,Final, win after extra time ,Hailé Sélassié Stadium, Addis Ababa,,1962,False,W
1963,2063-11-24,,Ghana,Tunisia,1.0,1.0,Group A,,Accra Sports Stadium, Accra,,1963,False,D
1963,2063-11-26,,Ghana,Ethiopia,2.0,0.0,Group A,,Accra Sports Stadium, Accra,,1963,False,W
1963,2063-11-28,,Ethiopia,Tunisia,4.0,2.0,Group A,,Accra Sports Stadium, Accra,,1963,False,W
1963,2063-11-24,,Egypt,Nigeria,6.0,3.0,Group B,,Kumasi Sports Stadium, Kumasi,,1963,False,W
1963,2063-11-26,,Egypt,Sudan,2.0,2.0,Group B,,Kumasi Sports Stadium, Kumasi,,1963,False,D
1963,2063-11-28,,Sudan,Nigeria,4.0,0.0,Group B,,Kumasi Sports Stadium, Kumasi,,1963,False,W
1963,2063-11-30,,Egypt,Ethiopia,3.0,0.0,Third place match,,Accra Sports Stadium, Accra,,1963,False,W
1963,2063-12-01,,Ghana,Sudan,3.0,0.0,Final,,Accra Sports Stadium, Accra,,1963,False,W
1965,2065-11-12,,Tunisia,Ethiopia,4.0,0.0,Group A,,Stade Chedli Zouiten, Tunis,16000.0,1965,False,W
1965,2065-11-14,,Senegal,Tunisia,0.0,0.0,Group A,,Stade Chedli Zouiten, Tunis,,1965,False,D
1965,2065-11-19,,Senegal,Ethiopia,5.0,1.0,Group A,,Stade Chedli Zouiten, Tunis,,1965,False,W
1965,2065-11-12,,Ghana,Congo-LéOpoldville,5.0,2.0,Group B,,Stade Bou Ali Lahouar, Sousse,,1965,False,W
1965,2065-11-14,,Ivory Coast,Congo-LéOpoldville,3.0,0.0,Group B,,Stade Taïeb Mhiri, Sfax,,1965,False,W
1965,2065-11-19,,Ghana,Ivory Coast,4.0,1.0,Group B,,Stade Ahmed Bsiri, Bizerte,,1965,False,W
1965,2065-11-21,,Senegal,Ivory Coast,0.0,1.0,Third place match,,Stade Chedli Zouiten, Tunis,,1965,False,L
1965,2065-11-21,,Ghana,Tunisia,3.0,2.0,Final, win after extra time ,Stade Chedli Zouiten, Tunis,,1965,False,W
1968,2068-01-12,,Ethiopia,Uganda,2.0,1.0,Group A,,Hailé Sélassié Stadium, Addis Ababa,20000.0,1968,False,W
1968,2068-01-12,,Ivory Coast,Algeria,3.0,0.0,Group A,,Hailé Sélassié Stadium, Addis Ababa,20000.0,1968,False,W
1968,2068-01-14,,Ethiopia,Ivory Coast,1.0,0.0,Group A,,Hailé Sélassié Stadium, Addis Ababa,25000.0,1968,False,W
1968,2068-01-14,,Algeria,Uganda,4.0,0.0,Group A,,Hailé Sélassié Stadium, Addis Ababa,25000.0,1968,False,W
1968,2068-01-16,,Ivory Coast,Uganda,2.0,1.0,Group A,,Hailé Sélassié Stadium, Addis Ababa,15000.0,1968,False,W
1968,2068-01-16,,Ethiopia,Algeria,3.0,1.0,Group A,,Hailé Sélassié Stadium, Addis Ababa,20000.0,1968,False,W
1968,2068-01-12,,Ghana,Senegal,2.0,2.0,Group B,,Cicero Stadium, Asmara,3000.0,1968,False,D
1968,2068-01-12,,Congo-Kinshasa,Congo-Brazzaville,3.0,0.0,Group B,,Cicero Stadium, Asmara,4000.0,1968,False,W
1968,2068-01-14,,Senegal,Congo-Brazzaville,2.0,1.0,Group B,,Cicero Stadium, Asmara,3000.0,1968,False,W
1968,2068-01-14,,Ghana,Congo-Kinshasa,2.0,1.0,Group B,,Cicero Stadium, Asmara,3000.0,1968,False,W
1968,2068-01-16,,Congo-Kinshasa,Senegal,2.0,1.0,Group B,,Cicero Stadium, Asmara,3000.0,1968,False,W
1968,2068-01-16,,Ghana,Congo-Brazzaville,3.0,1.0,Group B,,Cicero Stadium, Asmara,3000.0,1968,False,W
1968,2068-01-19,,Ethiopia,Congo-Kinshasa,2.0,3.0,Semi-finals, win after extra time ,Hailé Sélassié Stadium, Addis Ababa,25000.0,1968,False,L
1968,2068-01-19,,Ghana,Ivory Coast,4.0,3.0,Semi-finals, win after extra time ,Cicero Stadium, Asmara,5000.0,1968,False,W
1968,2068-01-21,,Ivory Coast,Ethiopia,1.0,0.0,Third place match,,Hailé Sélassié Stadium, Addis Ababa,10000.0,1968,False,W
1968,2068-01-21,,Congo-Kinshasa,Ghana,1.0,0.0,Final,,Hailé Sélassié Stadium, Addis Ababa,25000.0,1968,False,W
1970,1970-02-06,,Cameroon,Ivory Coast,3.0,2.0,Group A,,Municipal Stadium, Khartoum,14464.0,1970,False,W
1970,1970-02-06,,Sudan,Ethiopia,3.0,0.0,Group A,,Municipal Stadium, Khartoum,14464.0,1970,False,W
1970,1970-02-08,,Cameroon,Ethiopia,3.0,2.0,Group A,,Municipal Stadium, Khartoum,9864.0,1970,False,W
1970,1970-02-08,,Ivory Coast,Sudan,1.0,0.0,Group A,,Municipal Stadium, Khartoum,9864.0,1970,False,W
1970,1970-02-10,,Ivory Coast,Ethiopia,6.0,1.0,Group A,,Municipal Stadium, Khartoum,9770.0,1970,False,W
1970,1970-02-10,,Sudan,Cameroon,2.0,1.0,Group A,,Municipal Stadium, Khartoum,9770.0,1970,False,W
1970,1970-02-07,,Ghana,Congo-Kinshasa,2.0,0.0,Group B,,Wad Madani Stadium, Wad Medani,7525.0,1970,False,W
1970,1970-02-07,,United Arab Rep.,Guinea,4.0,1.0,Group B,,Wad Madani Stadium, Wad Medani,7525.0,1970,False,W
1970,1970-02-09,,Congo-Kinshasa,Guinea,2.0,2.0,Group B,,Wad Madani Stadium, Wad Medani,3342.0,1970,False,D
1970,1970-02-09,,United Arab Rep.,Ghana,1.0,1.0,Group B,,Wad Madani Stadium, Wad Medani,3342.0,1970,False,D
1970,1970-02-11,,Guinea,Ghana,1.0,1.0,Group B,,Wad Madani Stadium, Wad Medani,3927.0,1970,False,D
1970,1970-02-11,,United Arab Rep.,Congo-Kinshasa,1.0,0.0,Group B,,Wad Madani Stadium, Wad Medani,3927.0,1970,False,W
1970,1970-02-14,,Ivory Coast,Ghana,1.0,2.0,Semifinals, win after extra time ,Municipal Stadium, Khartoum,12350.0,1970,False,L
1970,1970-02-14,,United Arab Rep.,Sudan,1.0,2.0,Semifinals, win after extra time ,Municipal Stadium, Khartoum,12350.0,1970,False,L
1970,1970-02-16,,United Arab Rep.,Ivory Coast,3.0,1.0,Third place match,,Municipal Stadium, Khartoum,12187.0,1970,False,W
1970,1970-02-16,,Sudan,Ghana,1.0,0.0,Final,,Municipal Stadium, Khartoum,102187.0,1970,False,W
1972,1972-02-23,,Cameroon,Kenya,2.0,1.0,Group A,,Stade Omnisports, Yaoundé,40000.0,1972,False,W
1972,1972-02-24,,Mali,Togo,3.0,3.0,Group A,,Stade Omnisports, Yaoundé,,1972,False,D
1972,1972-02-26,,Mali,Kenya,1.0,1.0,Group A,,Stade Omnisports, Yaoundé,,1972,False,D
1972,1972-02-26,,Cameroon,Togo,2.0,0.0,Group A,,Stade Omnisports, Yaoundé,,1972,False,W
1972,1972-02-28,,Togo,Kenya,1.0,1.0,Group A,,Stade Omnisports, Yaoundé,,1972,False,D
1972,1972-02-28,,Cameroon,Mali,1.0,1.0,Group A,,Stade Omnisports, Yaoundé,,1972,False,D
1972,1972-02-25,,Congo,Morocco,1.0,1.0,Group B,,Stade de la Réunification, Douala,,1972,False,D
1972,1972-02-25,,Zaire,Sudan,1.0,1.0,Group B,,Stade de la Réunification, Douala,,1972,False,D
1972,1972-02-27,,Morocco,Sudan,1.0,1.0,Group B,,Stade de la Réunification, Douala,,1972,False,D
1972,1972-02-27,,Zaire,Congo,2.0,0.0,Group B,,Stade de la Réunification, Douala,,1972,False,W
1972,1972-02-29,,Morocco,Zaire,1.0,1.0,Group B,,Stade de la Réunification, Douala,,1972,False,D
1972,1972-02-29,,Congo,Sudan,4.0,2.0,Group B,,Stade de la Réunification, Douala,,1972,False,W
1972,1972-03-02,,Cameroon,Congo,0.0,1.0,Semifinals,,Stade Omnisports, Yaoundé,,1972,False,L
1972,1972-03-02,,Zaire,Mali,3.0,4.0,Semifinals, win after extra time ,Stade de la Réunification, Douala,,1972,False,L
1972,1972-03-04,,Cameroon,Zaire,5.0,2.0,Third place match,,Stade Omnisports, Yaoundé,,1972,False,W
1972,1972-03-05,,Congo,Mali,3.0,2.0,Final,,Stade Omnisports, Yaoundé,,1972,False,W
1974,1974-03-01,,Egypt,Uganda,2.0,1.0,Group A,,Cairo International Stadium, Cairo,5000.0,1974,False,W
1974,1974-03-02,,Zambia,Ivory Coast,1.0,0.0,Group A,,El Mahalla Stadium, El-Mahalla El-Kubra,1000.0,1974,False,W
1974,1974-03-04,,Egypt,Zambia,3.0,1.0,Group A,,Cairo International Stadium, Cairo,,1974,False,W
1974,1974-03-04,,Ivory Coast,Uganda,2.0,2.0,Group A,,El Mahalla Stadium, El-Mahalla El-Kubra,,1974,False,D
1974,1974-03-06,,Egypt,Ivory Coast,2.0,0.0,Group A,,Cairo International Stadium, Cairo,,1974,False,W
1974,1974-03-06,,Zambia,Uganda,1.0,0.0,Group A,,El Mahalla Stadium, El-Mahalla El-Kubra,,1974,False,W
1974,1974-03-03,,Zaire,Guinea,2.0,1.0,Group B,,Ala'ab Damanhour Stadium, Damanhour,,1974,False,W
1974,1974-03-03,,Congo,Mauritius,2.0,0.0,Group B,,Alexandria Stadium, Alexandria,,1974,False,W
1974,1974-03-05,,Guinea,Mauritius,2.0,1.0,Group B,,Ala'ab Damanhour Stadium, Damanhour,,1974,False,W
1974,1974-03-05,,Congo,Zaire,2.0,1.0,Group B,,Alexandria Stadium, Alexandria,,1974,False,W
1974,1974-03-07,,Congo,Guinea,1.0,1.0,Group B,,Alexandria Stadium, Alexandria,,1974,False,D
1974,1974-03-07,,Zaire,Mauritius,4.0,1.0,Group B,,Ala'ab Damanhour Stadium, Damanhour,,1974,False,W
1974,1974-03-09,,Egypt,Zaire,2.0,3.0,Semifinals,,Cairo International Stadium, Cairo,,1974,False,L
1974,1974-03-09,,Congo,Zambia,2.0,4.0,Semifinals, win after extra time ,Alexandria Stadium, Alexandria,,1974,False,L
1974,1974-03-11,,Congo,Egypt,0.0,4.0,Third place match,,Cairo International Stadium, Cairo,,1974,False,L
1974,1974-03-12,,Zaire,Zambia,2.0,2.0,Final, win after extra time ,Cairo International Stadium, Cairo,,1974,False,D
1974,1974-03-14,,Zaire,Zambia,2.0,0.0,Final,,Cairo International Stadium, Cairo,,1974,False,W
1976,1976-02-29,,Ethiopia,Uganda,2.0,0.0,Group A,,Addis Ababa Stadium, Addis Ababa,30000.0,1976,False,W
1976,1976-02-29,,Egypt,Guinea,1.0,1.0,Group A,,Addis Ababa Stadium, Addis Ababa,,1976,False,D
1976,1976-03-03,,Egypt,Uganda,2.0,1.0,Group A,,Addis Ababa Stadium, Addis Ababa,,1976,False,W
1976,1976-03-03,,Ethiopia,Guinea,1.0,2.0,Group A,,Addis Ababa Stadium, Addis Ababa,,1976,False,L
1976,1976-03-05,,Guinea,Uganda,2.0,1.0,Group A,,Addis Ababa Stadium, Addis Ababa,,1976,False,W
1976,1976-03-05,,Ethiopia,Egypt,1.0,1.0,Group A,,Addis Ababa Stadium, Addis Ababa,,1976,False,D
1976,1976-03-01,,Nigeria,Zaire,4.0,2.0,Group B,,Dire Dawa Stadium, Dire Dawa,,1976,False,W
1976,1976-03-01,,Morocco,Sudan,2.0,2.0,Group B,,Dire Dawa Stadium, Dire Dawa,,1976,False,D
1976,1976-03-04,,Nigeria,Sudan,1.0,0.0,Group B,,Dire Dawa Stadium, Dire Dawa,,1976,False,W
1976,1976-03-04,,Morocco,Zaire,1.0,0.0,Group B,,Dire Dawa Stadium, Dire Dawa,,1976,False,W
1976,1976-03-06,,Morocco,Nigeria,3.0,1.0,Group B,,Dire Dawa Stadium, Dire Dawa,,1976,False,W
1976,1976-03-06,,Zaire,Sudan,1.0,1.0,Group B,,Dire Dawa Stadium, Dire Dawa,,1976,False,D
1976,1976-03-09,,Guinea,Nigeria,1.0,1.0,Group B,,Addis Ababa Stadium, Addis Ababa,,1976,False,D
1976,1976-03-09,,Morocco,Egypt,2.0,1.0,Group B,,Addis Ababa Stadium, Addis Ababa,,1976,False,W
1976,1976-03-11,,Morocco,Nigeria,2.0,1.0,Group B,,Addis Ababa Stadium, Addis Ababa,,1976,False,W
1976,1976-03-11,,Guinea,Egypt,4.0,2.0,Group B,,Addis Ababa Stadium, Addis Ababa,,1976,False,W
1976,1976-03-14,,Nigeria,Egypt,3.0,2.0,Group B,,Addis Ababa Stadium, Addis Ababa,,1976,False,W
1976,1976-03-14,,Guinea,Morocco,1.0,1.0,Group B,,Addis Ababa Stadium, Addis Ababa,,1976,False,D
1978,1978-03-05,,Ghana,Zambia,2.0,1.0,Group A,,Accra Sports Stadium, Accra,50000.0,1978,False,W
1978,1978-03-05,,Nigeria,Upper Volta,4.0,2.0,Group A,,Accra Sports Stadium, Accra,50000.0,1978,False,W
1978,1978-03-08,,Zambia,Upper Volta,2.0,0.0,Group A,,Accra Sports Stadium, Accra,60000.0,1978,False,W
1978,1978-03-08,,Nigeria,Ghana,1.0,1.0,Group A,,Accra Sports Stadium, Accra,60000.0,1978,False,D
1978,1978-03-10,,Zambia,Nigeria,0.0,0.0,Group A,,Accra Sports Stadium, Accra,25000.0,1978,False,D
1978,1978-03-10,,Ghana,Upper Volta,3.0,0.0,Group A,,Accra Sports Stadium, Accra,25000.0,1978,False,W
1978,1978-03-06,,Morocco,Tunisia,1.0,1.0,Group B,,Kumasi Sports Stadium, Kumasi,50000.0,1978,False,D
1978,1978-03-06,,Uganda,Congo,3.0,1.0,Group B,,Kumasi Sports Stadium, Kumasi,50000.0,1978,False,W
1978,1978-03-09,,Tunisia,Uganda,3.0,1.0,Group B,,Kumasi Sports Stadium, Kumasi,20000.0,1978,False,W
1978,1978-03-09,,Morocco,Congo,1.0,0.0,Group B,,Kumasi Sports Stadium, Kumasi,20000.0,1978,False,W
1978,1978-03-11,,Congo,Tunisia,0.0,0.0,Group B,,Kumasi Sports Stadium, Kumasi,10000.0,1978,False,D
1978,1978-03-11,,Uganda,Morocco,3.0,0.0,Group B,,Kumasi Sports Stadium, Kumasi,10000.0,1978,False,W
1978,1978-03-14,,Ghana,Tunisia,1.0,0.0,Semi-finals,,Accra Sports Stadium, Accra,40000.0,1978,False,W
1978,1978-03-14,,Uganda,Nigeria,2.0,1.0,Semi-finals,,Kumasi Sports Stadium, Kumasi,,1978,False,W
1978,1978-03-16,,Nigeria,Tunisia,1.0,11.0,Third place match,,Accra Sports Stadium, Accra,,1978,False,L
1978,1978-03-16,,Ghana,Uganda,2.0,0.0,Final,,Accra Sports Stadium, Accra,,1978,False,W
1980,1980-03-08,,Nigeria,Tanzania,3.0,1.0,Group A,,Surulere Stadium, Lagos,80000.0,1980,False,W
1980,1980-03-08,,Egypt,Ivory Coast,2.0,1.0,Group A,,Surulere Stadium, Lagos,80000.0,1980,False,W
1980,1980-03-12,,Egypt,Tanzania,2.0,1.0,Group A,,Surulere Stadium, Lagos,55000.0,1980,False,W
1980,1980-03-12,,Nigeria,Ivory Coast,0.0,0.0,Group A,,Surulere Stadium, Lagos,55000.0,1980,False,D
1980,1980-03-15,,Ivory Coast,Tanzania,1.0,1.0,Group A,,Surulere Stadium, Lagos,70000.0,1980,False,D
1980,1980-03-15,,Nigeria,Egypt,1.0,0.0,Group A,,Surulere Stadium, Lagos,70000.0,1980,False,W
1980,1980-03-09,,Ghana,Algeria,0.0,0.0,Group B,,Liberty Stadium, Ibadan,40000.0,1980,False,D
1980,1980-03-09,,Morocco,Guinea,1.0,1.0,Group B,,Liberty Stadium, Ibadan,40000.0,1980,False,D
1980,1980-03-13,,Algeria,Morocco,1.0,0.0,Group B,,Liberty Stadium, Ibadan,20000.0,1980,False,W
1980,1980-03-13,,Ghana,Guinea,1.0,0.0,Group B,,Liberty Stadium, Ibadan,20000.0,1980,False,W
1980,1980-03-16,,Algeria,Guinea,3.0,2.0,Group B,,Liberty Stadium, Ibadan,20000.0,1980,False,W
1980,1980-03-16,,Morocco,Ghana,1.0,0.0,Group B,,Liberty Stadium, Ibadan,20000.0,1980,False,W
1980,1980-03-19,,Nigeria,Morocco,1.0,0.0,Semi-finals,,Surulere Stadium, Lagos,70000.0,1980,False,W
1980,1980-03-19,,Algeria,Egypt,2.0,2.0,Semi-finals,,Liberty Stadium, Ibadan,5000.0,1980,False,D
1980,1980-03-21,,Morocco,Egypt,2.0,0.0,Third place match,,Surulere Stadium, Lagos,5000.0,1980,False,W
1980,1980-03-22,,Nigeria,Algeria,3.0,0.0,Final,,Surulere Stadium, Lagos,85000.0,1980,False,W
1982,1982-03-05,,Libya,Ghana,2.0,2.0,Group A,,11 June Stadium, Tripoli,45200.0,1982,False,D
1982,1982-03-05,,Cameroon,Tunisia,1.0,1.0,Group A,,11 June Stadium, Tripoli,45000.0,1982,False,D
1982,1982-03-09,,Cameroon,Ghana,0.0,0.0,Group A,,11 June Stadium, Tripoli,40000.0,1982,False,D
1982,1982-03-09,,Libya,Tunisia,2.0,0.0,Group A,,11 June Stadium, Tripoli,40000.0,1982,False,W
1982,1982-03-12,,Ghana,Tunisia,1.0,0.0,Group A,,11 June Stadium, Tripoli,40000.0,1982,False,W
1982,1982-03-12,,Libya,Cameroon,0.0,0.0,Group A,,11 June Stadium, Tripoli,40000.0,1982,False,D
1982,1982-03-07,,Nigeria,Ethiopia,3.0,0.0,Group B,,28 March Stadium, Benghazi,5000.0,1982,False,W
1982,1982-03-07,,Algeria,Zambia,1.0,0.0,Group B,,28 March Stadium, Benghazi,5000.0,1982,False,W
1982,1982-03-10,,Zambia,Ethiopia,1.0,0.0,Group B,,28 March Stadium, Benghazi,5000.0,1982,False,W
1982,1982-03-10,,Algeria,Nigeria,2.0,1.0,Group B,,28 March Stadium, Benghazi,5000.0,1982,False,W
1982,1982-03-13,,Algeria,Ethiopia,0.0,0.0,Group B,,28 March Stadium, Benghazi,5000.0,1982,False,D
1982,1982-03-13,,Zambia,Nigeria,3.0,0.0,Group B,,28 March Stadium, Benghazi,5000.0,1982,False,W
1982,1982-03-16,,Ghana,Algeria,3.0,2.0,Semifinals, win after extra time ,28 March Stadium, Benghazi,5000.0,1982,False,W
1982,1982-03-16,,Libya,Zambia,2.0,1.0,Semifinals,,11 June Stadium, Tripoli,50000.0,1982,False,W
1982,1982-03-18,,Zambia,Algeria,2.0,0.0,Third place match,,11 June Stadium, Tripoli,2000.0,1982,False,W
1982,1982-03-19,,Ghana,Libya,1.0,1.0,Final,,11 June Stadium, Tripoli,50000.0,1982,False,D
1984,1984-03-04,,Ivory Coast,Togo,3.0,0.0,Group A,,Stade Félix Houphouët-Boigny, Abidjan,50000.0,1984,False,W
1984,1984-03-04,,Egypt,Cameroon,1.0,0.0,Group A,,Stade Félix Houphouët-Boigny, Abidjan,50000.0,1984,False,W
1984,1984-03-07,,Cameroon,Togo,4.0,1.0,Group A,,Stade Félix Houphouët-Boigny, Abidjan,15000.0,1984,False,W
1984,1984-03-07,,Ivory Coast,Egypt,1.0,2.0,Group A,,Stade Félix Houphouët-Boigny, Abidjan,40000.0,1984,False,L
1984,1984-03-10,,Egypt,Togo,0.0,0.0,Group A,,Stade Félix Houphouët-Boigny, Abidjan,40000.0,1984,False,D
1984,1984-03-10,,Ivory Coast,Cameroon,0.0,2.0,Group A,,Stade Félix Houphouët-Boigny, Abidjan,40000.0,1984,False,L
1984,1984-03-05,,Ghana,Nigeria,1.0,2.0,Group B,,Stade Bouaké, Bouaké,10000.0,1984,False,L
1984,1984-03-05,,Algeria,Malawi,3.0,0.0,Group B,,Stade Bouaké, Bouaké,10000.0,1984,False,W
1984,1984-03-08,,Malawi,Nigeria,2.0,2.0,Group B,,Stade Bouaké, Bouaké,15000.0,1984,False,D
1984,1984-03-08,,Algeria,Ghana,2.0,0.0,Group B,,Stade Bouaké, Bouaké,15000.0,1984,False,W
1984,1984-03-11,,Algeria,Nigeria,0.0,0.0,Group B,,Stade Bouaké, Bouaké,3000.0,1984,False,D
1984,1984-03-11,,Ghana,Malawi,1.0,0.0,Group B,,Stade Bouaké, Bouaké,3000.0,1984,False,W
1984,1984-03-14,,Egypt,Nigeria,2.0,2.0,Semifinals, Nigeria win on Penalities 7-8,Stade Félix Houphouët-Boigny, Abidjan,15000.0,1984,False,D
1984,1984-03-14,,Algeria,Cameroon,0.0,0.0,Semifinals, Cameroon win on Penalities 4-5,Stade Bouaké, Bouaké,15000.0,1984,False,D
1984,1984-03-17,,Algeria,Egypt,3.0,1.0,Third place match,,Stade Félix Houphouët-Boigny, Abidjan,500.0,1984,False,W
1984,1984-03-18,,Cameroon,Nigeria,3.0,1.0,Final,,Stade Félix Houphouët-Boigny, Abidjan,27456.0,1984,False,W
1986,1986-03-07,,Senegal,Egypt,1.0,0.0,Group A,,Cairo International Stadium, Cairo,45000.0,1986,False,W
1986,1986-03-07,,Ivory Coast,Mozambique,3.0,0.0,Group A,,Cairo International Stadium, Cairo,20000.0,1986,False,W
1986,1986-03-10,,Senegal,Mozambique,2.0,0.0,Group A,,Cairo International Stadium, Cairo,30000.0,1986,False,W
1986,1986-03-10,,Egypt,Ivory Coast,2.0,0.0,Group A,,Cairo International Stadium, Cairo,50000.0,1986,False,W
1986,1986-03-13,,Ivory Coast,Senegal,1.0,0.0,Group A,,Cairo International Stadium, Cairo,15000.0,1986,False,W
1986,1986-03-13,,Egypt,Mozambique,2.0,0.0,Group A,,Cairo International Stadium, Cairo,55000.0,1986,False,W
1986,1986-03-08,,Algeria,Morocco,0.0,0.0,Group B,,Alexandria Stadium, Alexandria,12000.0,1986,False,D
1986,1986-03-08,,Cameroon,Zambia,3.0,2.0,Group B,,Alexandria Stadium, Alexandria,20000.0,1986,False,W
1986,1986-03-11,,Algeria,Zambia,0.0,0.0,Group B,,Alexandria Stadium, Alexandria,4000.0,1986,False,D
1986,1986-03-11,,Cameroon,Morocco,1.0,1.0,Group B,,Alexandria Stadium, Alexandria,8000.0,1986,False,D
1986,1986-03-14,,Morocco,Zambia,1.0,0.0,Group B,,Alexandria Stadium, Alexandria,5000.0,1986,False,W
1986,1986-03-14,,Cameroon,Algeria,3.0,2.0,Group B,,Alexandria Stadium, Alexandria,10000.0,1986,False,W
1986,1986-03-17,,Cameroon,Ivory Coast,1.0,0.0,Semifinals,,Alexandria Stadium, Alexandria,12000.0,1986,False,W
1986,1986-03-17,,Egypt,Morocco,1.0,0.0,Semifinals,,Cairo International Stadium, Cairo,95000.0,1986,False,W
1986,1986-03-20,,Ivory Coast,Morocco,3.0,2.0,Third place match,,Cairo International Stadium, Cairo,1000.0,1986,False,W
1986,1986-03-21,,Egypt,Cameroon,0.0,0.0,Final,,Cairo International Stadium, Cairo,120000.0,1986,False,D
1988,1988-03-13,,Morocco,Zaire,1.0,1.0,Group A,,Stade Mohamed V, Casablanca,80000.0,1988,False,D
1988,1988-03-13,,Ivory Coast,Algeria,1.0,1.0,Group A,,Stade Mohamed V, Casablanca,40000.0,1988,False,D
1988,1988-03-16,,Ivory Coast,Zaire,1.0,1.0,Group A,,Stade Mohamed V, Casablanca,45000.0,1988,False,D
1988,1988-03-16,,Morocco,Algeria,1.0,0.0,Group A,,Stade Mohamed V, Casablanca,78000.0,1988,False,W
1988,1988-03-19,,Algeria,Zaire,1.0,0.0,Group A,,Stade Mohamed V, Casablanca,75000.0,1988,False,W
1988,1988-03-19,,Morocco,Ivory Coast,0.0,0.0,Group A,,Stade Mohamed V, Casablanca,80000.0,1988,False,D
1988,1988-03-14,,Cameroon,Egypt,1.0,0.0,Group B,,Stade Moulay Abdellah, Rabat,5000.0,1988,False,W
1988,1988-03-14,,Nigeria,Kenya,3.0,0.0,Group B,,Stade Moulay Abdellah, Rabat,4000.0,1988,False,W
1988,1988-03-17,,Cameroon,Nigeria,1.0,1.0,Group B,,Stade Moulay Abdellah, Rabat,13000.0,1988,False,D
1988,1988-03-17,,Egypt,Kenya,3.0,0.0,Group B,,Stade Moulay Abdellah, Rabat,12000.0,1988,False,W
1988,1988-03-20,,Cameroon,Kenya,0.0,0.0,Group B,,Stade Moulay Abdellah, Rabat,25000.0,1988,False,D
1988,1988-03-20,,Nigeria,Egypt,0.0,0.0,Group B,,Stade Moulay Abdellah, Rabat,30000.0,1988,False,D
1988,1988-03-23,,Nigeria,Algeria,1.0,1.0,Semifinals,Nigeria  win on Penalities 9-8,Stade Moulay Abdellah, Rabat,35000.0,1988,False,D
1988,1988-03-23,,Morocco,Cameroon,0.0,1.0,Semifinals,,Stade Mohamed V, Casablanca,45000.0,1988,False,L
1988,1988-03-26,,Morocco,Algeria,1.0,1.0,Third place match, Algeria win on Penalities 3-4,Stade Mohamed V, Casablanca,10000.0,1988,False,D
1988,1988-03-27,,Cameroon,Nigeria,1.0,0.0,Final,,Stade Mohamed V, Casablanca,50000.0,1988,False,W
1990,1990-03-02,,Algeria,Nigeria,5.0,1.0,Group A,,Stade 5 Juillet 1962, Algiers,85000.0,1990,False,W
1990,1990-03-02,,Ivory Coast,Egypt,3.0,1.0,Group A,,Stade 5 Juillet 1962, Algiers,14000.0,1990,False,W
1990,1990-03-05,,Nigeria,Egypt,1.0,0.0,Group A,,Stade 5 Juillet 1962, Algiers,47000.0,1990,False,W
1990,1990-03-05,,Algeria,Ivory Coast,3.0,0.0,Group A,,Stade 5 Juillet 1962, Algiers,86000.0,1990,False,W
1990,1990-03-08,,Nigeria,Ivory Coast,1.0,0.0,Group A,,Stade 5 Juillet 1962, Algiers,86000.0,1990,False,W
1990,1990-03-08,,Algeria,Egypt,2.0,0.0,Group A,,Stade 5 Juillet 1962, Algiers,86000.0,1990,False,W
1990,1990-03-03,,Zambia,Cameroon,1.0,0.0,Group B,,Stade 19 Mai 1956, Annaba,25000.0,1990,False,W
1990,1990-03-03,,Senegal,Kenya,0.0,0.0,Group B,,Stade 19 Mai 1956, Annaba,13000.0,1990,False,D
1990,1990-03-06,,Zambia,Kenya,1.0,0.0,Group B,,Stade 19 Mai 1956, Annaba,11000.0,1990,False,W
1990,1990-03-06,,Senegal,Cameroon,2.0,0.0,Group B,,Stade 19 Mai 1956, Annaba,22000.0,1990,False,W
1990,1990-03-09,,Zambia,Senegal,0.0,0.0,Group B,,Stade 19 Mai 1956, Annaba,18000.0,1990,False,D
1990,1990-03-09,,Cameroon,Kenya,2.0,0.0,Group B,,Stade 19 Mai 1956, Annaba,13000.0,1990,False,W
1990,1990-03-12,,Zambia,Nigeria,0.0,2.0,Semi-finals,,Stade 19 Mai 1956, Annaba,27000.0,1990,False,L
1990,1990-03-12,,Algeria,Senegal,2.0,1.0,Semi-finals,,Stade 5 Juillet 1962, Algiers,88000.0,1990,False,W
1990,1990-03-15,,Zambia,Senegal,1.0,0.0,Third place match,,Stade 5 Juillet 1962, Algiers,33000.0,1990,False,W
1990,1990-03-16,16:00,Algeria,Nigeria,1.0,0.0,Final,,Stade 5 Juillet 1962, Algiers,105032.0,1990,False,W
1992,1992-01-12,,Nigeria,Senegal,2.0,1.0,Group A,,Stade de l'Amitié, Dakar,60000.0,1992,False,W
1992,1992-01-14,,Nigeria,Kenya,2.0,1.0,Group A,,Stade de l'Amitié, Dakar,5000.0,1992,False,W
1992,1992-01-16,,Senegal,Kenya,3.0,0.0,Group A,,Stade de l'Amitié, Dakar,50000.0,1992,False,W
1992,1992-01-12,,Cameroon,Morocco,1.0,0.0,Group B,,Stade de l'Amitié, Dakar,60000.0,1992,False,W
1992,1992-01-14,,Morocco,Zaire,1.0,1.0,Group B,,Stade de l'Amitié, Dakar,5000.0,1992,False,D
1992,1992-01-16,,Cameroon,Zaire,1.0,1.0,Group B,,Stade de l'Amitié, Dakar,10000.0,1992,False,D
1992,1992-01-13,,Ivory Coast,Algeria,3.0,0.0,Group C,,Stade Aline Sitoe Diatta, Ziguinchor,5000.0,1992,False,W
1992,1992-01-15,,Ivory Coast,Congo,0.0,0.0,Group C,,Stade Aline Sitoe Diatta, Ziguinchor,5000.0,1992,False,D
1992,1992-01-17,,Algeria,Congo,1.0,1.0,Group C,,Stade Aline Sitoe Diatta, Ziguinchor,5000.0,1992,False,D
1992,1992-01-13,,Zambia,Egypt,1.0,0.0,Group D,,Stade Aline Sitoe Diatta, Ziguinchor,5000.0,1992,False,W
1992,1992-01-15,,Ghana,Zambia,1.0,0.0,Group D,,Stade Aline Sitoe Diatta, Ziguinchor,5000.0,1992,False,W
1992,1992-01-17,,Ghana,Egypt,1.0,0.0,Group D,,Stade Aline Sitoe Diatta, Ziguinchor,5000.0,1992,False,W
1992,1992-01-19,,Nigeria,Zaire,1.0,0.0,Quarter-finals,,Stade de l'Amitié, Dakar,10000.0,1992,False,W
1992,1992-01-19,,Cameroon,Senegal,1.0,0.0,Quarter-finals,,Stade de l'Amitié, Dakar,35000.0,1992,False,W
1992,1992-01-20,,Ivory Coast,Zambia,1.0,0.0,Quarter-finals,Ivory Coast  win after extra time ,Stade de l'Amitié, Dakar,3000.0,1992,False,W
1992,1992-01-20,,Ghana,Congo,2.0,1.0,Quarter-finals,,Stade de l'Amitié, Dakar,15000.0,1992,False,W
1992,1992-01-23,,Ghana,Nigeria,2.0,1.0,Semi-finals,,Stade de l'Amitié, Dakar,30000.0,1992,False,W
1992,1992-01-23,,Cameroon,Ivory Coast,0.0,0.0,Semi-finals, Ivory Coast win on Penalities 1-3,Stade de l'Amitié, Dakar,35000.0,1992,False,D
1992,1992-01-25,,Nigeria,Cameroon,2.0,1.0,Third place match,,Stade de l'Amitié, Dakar,2000.0,1992,False,W
1992,1992-01-26,,Ivory Coast,Ghana,0.0,0.0,Final,Ivory Coast  win on Penalities 11-10,Stade de l'Amitié, Dakar,47500.0,1992,False,D
1994,1994-03-26,,Tunisia,Mali,0.0,2.0,Group A,,Stade El Menzah, Tunis,45000.0,1994,False,L
1994,1994-03-28,,Mali,Zaire,0.0,1.0,Group A,,Stade El Menzah, Tunis,8000.0,1994,False,L
1994,1994-03-30,,Tunisia,Zaire,1.0,1.0,Group A,,Stade El Menzah, Tunis,45000.0,1994,False,D
1994,1994-03-26,,Nigeria,Gabon,3.0,0.0,Group B,,Stade El Menzah, Tunis,30000.0,1994,False,W
1994,1994-03-28,,Egypt,Gabon,4.0,0.0,Group B,,Stade Chedli Zouiten, Tunis,6000.0,1994,False,W
1994,1994-03-30,,Nigeria,Egypt,0.0,0.0,Group B,,Stade El Menzah, Tunis,30000.0,1994,False,D
1994,1994-03-27,,Ivory Coast,Sierra Leone,4.0,0.0,Group C,,Stade Olympique de Sousse, Sousse,10000.0,1994,False,W
1994,1994-03-29,,Zambia,Sierra Leone,0.0,0.0,Group C,,Stade Olympique de Sousse, Sousse,6000.0,1994,False,D
1994,1994-03-31,,Zambia,Ivory Coast,1.0,0.0,Group C,,Stade Olympique de Sousse, Sousse,6000.0,1994,False,W
1994,1994-03-27,,Ghana,Guinea,1.0,0.0,Group D,,Stade Olympique de Sousse, Sousse,10000.0,1994,False,W
1994,1994-03-29,,Senegal,Guinea,2.0,1.0,Group D,,Stade Olympique de Sousse, Sousse,6000.0,1994,False,W
1994,1994-03-31,,Ghana,Senegal,1.0,0.0,Group D,,Stade Olympique de Sousse, Sousse,6000.0,1994,False,W
1994,1994-04-02,,Zaire,Nigeria,0.0,2.0,Quarterfinals,,Stade El Menzah, Tunis,2000.0,1994,False,L
1994,1994-04-02,,Egypt,Mali,0.0,1.0,Quarterfinals,,Stade El Menzah, Tunis,3000.0,1994,False,L
1994,1994-04-03,,Zambia,Senegal,1.0,0.0,Quarterfinals,,Stade Olympique de Sousse, Sousse,8000.0,1994,False,W
1994,1994-04-03,,Ghana,Ivory Coast,1.0,2.0,Quarterfinals,,Stade Olympique de Sousse, Sousse,8000.0,1994,False,L
1994,1994-04-06,,Nigeria,Ivory Coast,2.0,2.0,Semifinals,Nigeria  win on Penalities 4-2,Stade El Menzah, Tunis,2000.0,1994,False,D
1994,1994-04-06,,Zambia,Mali,4.0,0.0,Semifinals,,Stade El Menzah, Tunis,2000.0,1994,False,W
1994,1994-04-10,,Ivory Coast,Mali,3.0,1.0,Third place match,,Stade El Menzah, Tunis,15000.0,1994,False,W
1994,1994-04-10,,Nigeria,Zambia,2.0,1.0,Final,,Stade El Menzah, Tunis,25000.0,1994,False,W
1996,1996-01-13,,South Africa,Cameroon,3.0,0.0,Group A,,FNB Stadium, Johannesburg,75000.0,1996,False,W
1996,1996-01-15,,Egypt,Angola,2.0,1.0,Group A,,FNB Stadium, Johannesburg,6000.0,1996,False,W
1996,1996-01-18,,Cameroon,Egypt,2.0,1.0,Group A,,FNB Stadium, Johannesburg,4000.0,1996,False,W
1996,1996-01-20,,South Africa,Angola,1.0,0.0,Group A,,FNB Stadium, Johannesburg,28000.0,1996,False,W
1996,1996-01-24,,South Africa,Egypt,0.0,1.0,Group A,,FNB Stadium, Johannesburg,20000.0,1996,False,L
1996,1996-01-24,,Angola,Cameroon,3.0,3.0,Group A,,Kings Park Stadium, Durban,6000.0,1996,False,D
1996,1996-01-14,,Zambia,Algeria,0.0,0.0,Group B,,Free State Stadium, Bloemfontein,9000.0,1996,False,D
1996,1996-01-15,,Sierra Leone,Burkina Faso,2.0,1.0,Group B,,Free State Stadium, Bloemfontein,1500.0,1996,False,W
1996,1996-01-18,,Algeria,Sierra Leone,2.0,0.0,Group B,,Free State Stadium, Bloemfontein,1500.0,1996,False,W
1996,1996-01-20,,Zambia,Burkina Faso,5.0,1.0,Group B,,Free State Stadium, Bloemfontein,2000.0,1996,False,W
1996,1996-01-24,,Algeria,Burkina Faso,2.0,1.0,Group B,,EPRU Stadium, Port Elizabeth,180.0,1996,False,W
1996,1996-01-24,,Zambia,Sierra Leone,4.0,0.0,Group B,,Free State Stadium, Bloemfontein,200.0,1996,False,W
1996,1996-01-16,,Gabon,Liberia,1.0,2.0,Group C,,Kings Park Stadium, Durban,5000.0,1996,False,L
1996,1996-01-19,,Gabon,Zaire,2.0,0.0,Group C,,Kings Park Stadium, Durban,4000.0,1996,False,W
1996,1996-01-25,,Zaire,Liberia,2.0,0.0,Group C,,FNB Stadium, Johannesburg,3000.0,1996,False,W
1996,1996-01-14,,Ghana,Ivory Coast,2.0,0.0,Group D,,EPRU Stadium, Port Elizabeth,8000.0,1996,False,W
1996,1996-01-16,,Tunisia,Mozambique,1.0,1.0,Group D,,EPRU Stadium, Port Elizabeth,1000.0,1996,False,D
1996,1996-01-19,,Ghana,Tunisia,2.0,1.0,Group D,,EPRU Stadium, Port Elizabeth,1000.0,1996,False,W
1996,1996-01-21,,Ivory Coast,Mozambique,1.0,0.0,Group D,,EPRU Stadium, Port Elizabeth,500.0,1996,False,W
1996,1996-01-25,,Tunisia,Ivory Coast,3.0,1.0,Group D,,EPRU Stadium, Port Elizabeth,1000.0,1996,False,W
1996,1996-01-25,,Ghana,Mozambique,2.0,0.0,Group D,,Free State Stadium, Bloemfontein,3500.0,1996,False,W
1996,1996-01-27,,South Africa,Algeria,2.0,1.0,Quarterfinals,,FNB Stadium, Johannesburg,80000.0,1996,False,W
1996,1996-01-27,,Zambia,Egypt,3.0,1.0,Quarterfinals,,Free State Stadium, Bloemfontein,8500.0,1996,False,W
1996,1996-01-28,,Gabon,Tunisia,1.0,1.0,Quarterfinals, Tunisia win on Penalities 1-4,Kings Park Stadium, Durban,4000.0,1996,False,D
1996,1996-01-28,,Ghana,Zaire,1.0,0.0,Quarterfinals,,EPRU Stadium, Port Elizabeth,8000.0,1996,False,W
1996,1996-01-31,,South Africa,Ghana,3.0,0.0,Semifinals,,FNB Stadium, Johannesburg,75000.0,1996,False,W
1996,1996-01-31,,Zambia,Tunisia,2.0,4.0,Semifinals,,Kings Park Stadium, Durban,5000.0,1996,False,L
1996,1996-02-03,,Ghana,Zambia,0.0,1.0,Third place match,,FNB Stadium, Johannesburg,80000.0,1996,False,L
1996,1996-02-03,,South Africa,Tunisia,2.0,0.0,Final,,FNB Stadium, Johannesburg,80000.0,1996,False,W
1998,1998-02-07,16:00,Burkina Faso,Cameroon,0.0,1.0,Group A,,Stade du 4-Août, Ouagadougou,30000.0,1998,False,L
1998,1998-02-08,20:30,Algeria,Guinea,0.0,1.0,Group A,,Stade Municipal, Ouagadougou,3000.0,1998,False,L
1998,1998-02-11,15:00,Cameroon,Guinea,2.0,2.0,Group A,,Stade Municipal, Ouagadougou,2000.0,1998,False,D
1998,1998-02-11,20:00,Burkina Faso,Algeria,2.0,1.0,Group A,,Stade du 4-Août, Ouagadougou,35000.0,1998,False,W
1998,1998-02-15,16:00,Burkina Faso,Guinea,1.0,0.0,Group A,,Stade du 4-Août, Ouagadougou,40000.0,1998,False,W
1998,1998-02-15,16:00,Cameroon,Algeria,2.0,1.0,Group A,,Stade Municipal, Ouagadougou,1000.0,1998,False,W
1998,1998-02-09,16:00,Dr Congo,Togo,2.0,1.0,Group B,,Stade Municipal, Ouagadougou,4000.0,1998,False,W
1998,1998-02-09,20:30,Ghana,Tunisia,2.0,0.0,Group B,,Stade du 4-Août, Ouagadougou,12000.0,1998,False,W
1998,1998-02-12,16:00,Tunisia,Dr Congo,2.0,1.0,Group B,,Stade Municipal, Ouagadougou,1000.0,1998,False,W
1998,1998-02-12,20:30,Togo,Ghana,2.0,1.0,Group B,,Stade du 4-Août, Ouagadougou,3000.0,1998,False,W
1998,1998-02-16,17:00,Dr Congo,Ghana,1.0,0.0,Group B,,Stade du 4-Août, Ouagadougou,3000.0,1998,False,W
1998,1998-02-16,17:00,Tunisia,Togo,3.0,1.0,Group B,,Stade Municipal, Ouagadougou,800.0,1998,False,W
1998,1998-02-08,15:00,South Africa,Angola,0.0,0.0,Group C,,Stade Municipal, Bobo-Dioulasso,20000.0,1998,False,D
1998,1998-02-08,18:00,Ivory Coast,Namibia,4.0,3.0,Group C,,Stade Municipal, Bobo-Dioulasso,20000.0,1998,False,W
1998,1998-02-11,17:15,Ivory Coast,South Africa,1.0,1.0,Group C,,Stade Municipal, Bobo-Dioulasso,10000.0,1998,False,D
1998,1998-02-12,18:15,Angola,Namibia,3.0,3.0,Group C,,Stade Municipal, Bobo-Dioulasso,2000.0,1998,False,D
1998,1998-02-16,20:00,Ivory Coast,Angola,5.0,2.0,Group C,,Stade Municipal, Ouagadougou,4000.0,1998,False,W
1998,1998-02-16,20:00,South Africa,Namibia,4.0,1.0,Group C,,Stade Municipal, Bobo-Dioulasso,9500.0,1998,False,W
1998,1998-02-09,18:15,Morocco,Zambia,1.0,1.0,Group D,,Stade Municipal, Bobo-Dioulasso,10000.0,1998,False,D
1998,1998-02-10,18:00,Egypt,Mozambique,2.0,0.0,Group D,,Stade Municipal, Bobo-Dioulasso,20000.0,1998,False,W
1998,1998-02-13,17:00,Egypt,Zambia,4.0,0.0,Group D,,Stade Municipal, Bobo-Dioulasso,5000.0,1998,False,W
1998,1998-02-13,20:00,Morocco,Mozambique,3.0,0.0,Group D,,Stade Municipal, Bobo-Dioulasso,3000.0,1998,False,W
1998,1998-02-17,16:00,Zambia,Mozambique,3.0,1.0,Group D,,Stade Municipal, Bobo-Dioulasso,3000.0,1998,False,W
1998,1998-02-17,16:00,Morocco,Egypt,1.0,0.0,Group D,,Stade Municipal, Ouagadougou,500.0,1998,False,W
1998,1998-02-20,16:00,Cameroon,Dr Congo,0.0,1.0,Quarterfinals,,Stade Municipal, Bobo-Dioulasso,5000.0,1998,False,L
1998,1998-02-21,17:00,Tunisia,Burkina Faso,1.0,1.0,Quarterfinals, Burkina Faso win on Penalities 7-8,Stade du 4-Août, Ouagadougou,35000.0,1998,False,D
1998,1998-02-21,20:00,Ivory Coast,Egypt,0.0,0.0,Quarterfinals, Egypt win on Penalities 4-5,Stade Municipal, Ouagadougou,20000.0,1998,False,D
1998,1998-02-22,16:00,Morocco,South Africa,1.0,2.0,Quarterfinals,,Stade Municipal, Ouagadougou,2000.0,1998,False,L
1998,1998-02-25,16:00,Dr Congo,South Africa,1.0,2.0,Semifinals, win after extra time ,Stade du 4-Août, Ouagadougou,4000.0,1998,False,L
1998,1998-02-25,20:00,Burkina Faso,Egypt,0.0,2.0,Semifinals,,Stade Municipal, Bobo-Dioulasso,40000.0,1998,False,L
1998,1998-02-27,16:00,Dr Congo,Burkina Faso,4.0,4.0,Third place match,DR Congo  win on Penalities 4-1,Stade Municipal, Ouagadougou,25000.0,1998,False,D
1998,1998-02-28,16:00,South Africa,Egypt,0.0,2.0,Final,,Stade du 4-Août, Ouagadougou,40000.0,1998,False,L
2000,2000-01-22,16:00,Ghana,Cameroon,1.0,1.0,Group A,,Accra Sports Stadium, Accra,45000.0,2000,False,D
2000,2000-01-24,16:00,Ivory Coast,Togo,1.0,1.0,Group A,,Accra Sports Stadium, Accra,13000.0,2000,False,D
2000,2000-01-27,16:00,Ghana,Togo,2.0,0.0,Group A,,Accra Sports Stadium, Accra,30000.0,2000,False,W
2000,2000-01-28,19:45,Cameroon,Ivory Coast,3.0,0.0,Group A,,Accra Sports Stadium, Accra,5000.0,2000,False,W
2000,2000-01-31,16:00,Ghana,Ivory Coast,0.0,2.0,Group A,,Accra Sports Stadium, Accra,40000.0,2000,False,L
2000,2000-01-31,16:00,Cameroon,Togo,0.0,1.0,Group A,,Kumasi Sports Stadium, Kumasi,2000.0,2000,False,L
2000,2000-01-23,19:45,South Africa,Gabon,3.0,1.0,Group B,,Kumasi Sports Stadium, Kumasi,20000.0,2000,False,W
2000,2000-01-24,19:45,Dr Congo,Algeria,0.0,0.0,Group B,,Kumasi Sports Stadium, Kumasi,7000.0,2000,False,D
2000,2000-01-27,19:45,South Africa,Dr Congo,1.0,0.0,Group B,,Kumasi Sports Stadium, Kumasi,3500.0,2000,False,W
2000,2000-01-29,19:45,Algeria,Gabon,3.0,1.0,Group B,,Kumasi Sports Stadium, Kumasi,5000.0,2000,False,W
2000,2000-02-02,16:00,South Africa,Algeria,1.0,1.0,Group B,,Kumasi Sports Stadium, Kumasi,2000.0,2000,False,D
2000,2000-02-02,16:00,Dr Congo,Gabon,0.0,0.0,Group B,,Accra Sports Stadium, Accra,2000.0,2000,False,D
2000,2000-01-23,18:30,Egypt,Zambia,2.0,0.0,Group C,,Sani Abacha Stadium, Kano,18000.0,2000,False,W
2000,2000-01-25,17:00,Burkina Faso,Senegal,1.0,3.0,Group C,,Sani Abacha Stadium, Kano,12000.0,2000,False,L
2000,2000-01-28,18:30,Egypt,Senegal,1.0,0.0,Group C,,Sani Abacha Stadium, Kano,30000.0,2000,False,W
2000,2000-01-29,18:30,Zambia,Burkina Faso,1.0,1.0,Group C,,Sani Abacha Stadium, Kano,5000.0,2000,False,D
2000,2000-02-02,17:00,Egypt,Burkina Faso,4.0,2.0,Group C,,Sani Abacha Stadium, Kano,17000.0,2000,False,W
2000,2000-02-02,17:00,Zambia,Senegal,2.0,2.0,Group C,,National Stadium, Lagos,2000.0,2000,False,D
2000,2000-01-23,16:00,Nigeria,Tunisia,4.0,2.0,Group D,,National Stadium, Lagos,80000.0,2000,False,W
2000,2000-01-25,19:30,Morocco,Congo,1.0,0.0,Group D,,National Stadium, Lagos,8000.0,2000,False,W
2000,2000-01-28,16:00,Nigeria,Congo,0.0,0.0,Group D,,National Stadium, Lagos,60000.0,2000,False,D
2000,2000-01-29,16:00,Tunisia,Morocco,0.0,0.0,Group D,,National Stadium, Lagos,5000.0,2000,False,D
2000,2000-02-03,17:00,Nigeria,Morocco,2.0,0.0,Group D,,National Stadium, Lagos,60000.0,2000,False,W
2000,2000-02-03,17:00,Tunisia,Congo,1.0,0.0,Group D,,Sani Abacha Stadium, Kano,12000.0,2000,False,W
2000,2000-02-06,16:00,Cameroon,Algeria,2.0,1.0,Quarterfinals,,Accra Sports Stadium, Accra,15000.0,2000,False,W
2000,2000-02-06,19:30,South Africa,Ghana,1.0,0.0,Quarterfinals,,Kumasi Sports Stadium, Kumasi,40000.0,2000,False,W
2000,2000-02-07,16:00,Egypt,Tunisia,0.0,1.0,Quarterfinals,,Sani Abacha Stadium, Kano,12000.0,2000,False,L
2000,2000-02-07,19:00,Nigeria,Senegal,2.0,1.0,Quarterfinals, win after extra time ,National Stadium, Lagos,60000.0,2000,False,W
2000,2000-02-10,16:30,Nigeria,South Africa,2.0,0.0,Semifinals,,National Stadium, Lagos,60000.0,2000,False,W
2000,2000-02-10,18:30,Cameroon,Tunisia,3.0,0.0,Semifinals,,Accra Sports Stadium, Accra,6000.0,2000,False,W
2000,2000-02-12,16:00,South Africa,Tunisia,2.0,2.0,Third place match,South Africa  win on Penalities 4-3,Accra Sports Stadium, Accra,1000.0,2000,False,D
2000,2000-02-13,16:00,Nigeria,Cameroon,2.0,2.0,Final, Cameroon win on Penalities 3-4,National Stadium, Lagos,60000.0,2000,False,D
2002,2002-01-19,16:00,Mali,Liberia,1.0,1.0,Group A,,Stade du 26 Mars, Bamako,50000.0,2002,False,D
2002,2002-01-21,16:00,Algeria,Nigeria,0.0,1.0,Group A,,Stade du 26 Mars, Bamako,10000.0,2002,False,L
2002,2002-01-24,19:00,Mali,Nigeria,0.0,0.0,Group A,,Stade du 26 Mars, Bamako,50000.0,2002,False,D
2002,2002-01-25,19:30,Liberia,Algeria,2.0,2.0,Group A,,Stade du 26 Mars, Bamako,4000.0,2002,False,D
2002,2002-01-28,18:00,Mali,Algeria,2.0,0.0,Group A,,Stade du 26 Mars, Bamako,50000.0,2002,False,W
2002,2002-01-28,18:00,Liberia,Nigeria,0.0,1.0,Group A,,Stade Barema Bocoum, Mopti,9000.0,2002,False,L
2002,2002-01-20,19:30,South Africa,Burkina Faso,0.0,0.0,Group B,,Stade Amare Daou, Ségou,12000.0,2002,False,D
2002,2002-01-21,16:00,Morocco,Ghana,0.0,0.0,Group B,,Stade Amare Daou, Ségou,4000.0,2002,False,D
2002,2002-01-24,16:00,South Africa,Ghana,0.0,0.0,Group B,,Stade Amare Daou, Ségou,5000.0,2002,False,D
2002,2002-01-26,15:30,Burkina Faso,Morocco,1.0,2.0,Group B,,Stade Amare Daou, Ségou,6000.0,2002,False,L
2002,2002-01-30,16:00,South Africa,Morocco,3.0,1.0,Group B,,Stade Amare Daou, Ségou,3000.0,2002,False,W
2002,2002-01-30,16:00,Burkina Faso,Ghana,1.0,2.0,Group B,,Stade Barema Bocoum, Mopti,15000.0,2002,False,L
2002,2002-01-20,17:30,Cameroon,Dr Congo,1.0,0.0,Group C,,Stade Babemba Traoré, Sikasso,15000.0,2002,False,W
2002,2002-01-21,18:00,Togo,Ivory Coast,0.0,0.0,Group C,,Stade Babemba Traoré, Sikasso,15000.0,2002,False,D
2002,2002-01-25,17:30,Cameroon,Ivory Coast,1.0,0.0,Group C,,Stade Babemba Traoré, Sikasso,15000.0,2002,False,W
2002,2002-01-26,17:30,Dr Congo,Togo,0.0,0.0,Group C,,Stade Babemba Traoré, Sikasso,7000.0,2002,False,D
2002,2002-01-29,16:00,Cameroon,Togo,3.0,0.0,Group C,,Stade Babemba Traoré, Sikasso,6000.0,2002,False,W
2002,2002-01-29,16:00,Dr Congo,Ivory Coast,3.0,1.0,Group C,,Stade Abdoulaye Nakoro Cissoko, Kayes,12000.0,2002,False,W
2002,2002-01-20,15:30,Egypt,Senegal,0.0,1.0,Group D,,Stade Modibo Kéïta, Bamako,20000.0,2002,False,L
2002,2002-01-21,19:00,Zambia,Tunisia,0.0,0.0,Group D,,Stade Modibo Kéïta, Bamako,6000.0,2002,False,D
2002,2002-01-25,15:30,Egypt,Tunisia,1.0,0.0,Group D,,Stade Modibo Kéïta, Bamako,3000.0,2002,False,W
2002,2002-01-26,19:30,Senegal,Zambia,1.0,0.0,Group D,,Stade Modibo Kéïta, Bamako,20000.0,2002,False,W
2002,2002-01-31,16:00,Egypt,Zambia,2.0,1.0,Group D,,Stade Modibo Kéïta, Bamako,10000.0,2002,False,W
2002,2002-01-31,16:00,Senegal,Tunisia,0.0,0.0,Group D,,Stade Abdoulaye Nakoro Cissoko, Kayes,8000.0,2002,False,D
2002,2002-02-03,16:00,South Africa,Mali,0.0,2.0,Quarterfinals,,Stade Abdoulaye Nakoro Cissoko, Kayes,15000.0,2002,False,L
2002,2002-02-03,19:00,Nigeria,Ghana,1.0,0.0,Quarterfinals,,Stade du 26 Mars, Bamako,25000.0,2002,False,W
2002,2002-02-04,16:00,Cameroon,Egypt,1.0,0.0,Quarterfinals,,Stade Babemba Traoré, Sikasso,15000.0,2002,False,W
2002,2002-02-04,19:00,Senegal,Dr Congo,2.0,0.0,Quarterfinals,,Stade Modibo Keïta, Bamako,25000.0,2002,False,W
2002,2002-02-07,16:00,Nigeria,Senegal,1.0,2.0,Semifinals, win after extra time ,Stade Modibo Keïta, Bamako,20000.0,2002,False,L
2002,2002-02-07,19:00,Mali,Cameroon,0.0,3.0,Semifinals,,Stade du 26 Mars, Bamako,50000.0,2002,False,L
2002,2002-02-09,16:00,Nigeria,Mali,1.0,0.0,Third place match,,Stade Barema Bocoum, Mopti,15000.0,2002,False,W
2002,2002-02-10,16:00,Senegal,Cameroon,0.0,0.0,Final, Cameroon win on Penalities 2-3,Stade du 26 Mars, Bamako,50000.0,2002,False,D
2004,2004-01-24,19:30,Tunisia,Rwanda,2.0,1.0,Group A,,Stade 7 Novembre, Radès,60000.0,2004,False,W
2004,2004-01-25,14:00,Dr Congo,Guinea,1.0,2.0,Group A,,Stade El Menzah, Tunis,2000.0,2004,False,L
2004,2004-01-28,14:00,Rwanda,Guinea,1.0,1.0,Group A,,Stade 15 Octobre, Bizerte,4000.0,2004,False,D
2004,2004-01-28,16:15,Tunisia,Dr Congo,3.0,0.0,Group A,,Stade 7 Novembre, Radès,60000.0,2004,False,W
2004,2004-02-01,14:00,Tunisia,Guinea,1.0,1.0,Group A,,Stade 7 Novembre, Radès,35000.0,2004,False,D
2004,2004-02-01,14:00,Rwanda,Dr Congo,1.0,0.0,Group A,,Stade 15 Octobre, Bizerte,700.0,2004,False,W
2004,2004-01-26,14:00,Kenya,Mali,1.0,3.0,Group B,,Stade 15 Octobre, Bizerte,6000.0,2004,False,L
2004,2004-01-26,19:00,Senegal,Burkina Faso,0.0,0.0,Group B,,Stade El Menzah, Tunis,2000.0,2004,False,D
2004,2004-01-30,14:00,Senegal,Kenya,3.0,0.0,Group B,,Stade 15 Octobre, Bizerte,13500.0,2004,False,W
2004,2004-01-30,19:00,Burkina Faso,Mali,1.0,3.0,Group B,,Stade El Menzah, Tunis,1500.0,2004,False,L
2004,2004-02-02,14:00,Senegal,Mali,1.0,1.0,Group B,,Stade El Menzah, Tunis,7550.0,2004,False,D
2004,2004-02-02,14:00,Burkina Faso,Kenya,0.0,3.0,Group B,,Stade 15 Octobre, Bizerte,4550.0,2004,False,L
2004,2004-01-25,16:30,Zimbabwe,Egypt,1.0,2.0,Group C,,Stade Taïeb El Mhiri, Sfax,22000.0,2004,False,L
2004,2004-01-25,19:00,Cameroon,Algeria,1.0,1.0,Group C,,Stade Olympique de Sousse, Sousse,20000.0,2004,False,D
2004,2004-01-29,16:30,Cameroon,Zimbabwe,5.0,3.0,Group C,,Stade Taïeb El Mhiri, Sfax,15000.0,2004,False,W
2004,2004-01-29,19:00,Algeria,Egypt,2.0,1.0,Group C,,Stade Olympique de Sousse, Sousse,15000.0,2004,False,W
2004,2004-02-03,14:00,Cameroon,Egypt,0.0,0.0,Group C,,Stade Mustapha Ben Jannet, Monastir,20000.0,2004,False,D
2004,2004-02-03,14:00,Algeria,Zimbabwe,1.0,2.0,Group C,,Stade Olympique de Sousse, Sousse,10000.0,2004,False,L
2004,2004-01-27,14:00,Nigeria,Morocco,0.0,1.0,Group D,,Stade Mustapha Ben Jannet, Monastir,15000.0,2004,False,L
2004,2004-01-27,18:00,South Africa,Benin,2.0,0.0,Group D,,Stade Taïeb El Mhiri, Sfax,12000.0,2004,False,W
2004,2004-01-31,14:00,Nigeria,South Africa,4.0,0.0,Group D,,Stade Mustapha Ben Jannet, Monastir,15000.0,2004,False,W
2004,2004-01-31,18:00,Morocco,Benin,4.0,0.0,Group D,,Stade Taïeb El Mhiri, Sfax,20000.0,2004,False,W
2004,2004-02-04,18:00,Morocco,South Africa,1.0,1.0,Group D,,Stade Olympique de Sousse, Sousse,6000.0,2004,False,D
2004,2004-02-04,18:00,Nigeria,Benin,2.0,1.0,Group D,,Stade Taïeb El Mhiri, Sfax,15000.0,2004,False,W
2004,2004-02-07,14:00,Mali,Guinea,2.0,1.0,Quarter-finals,,Stade El Menzah, Tunis,1450.0,2004,False,W
2004,2004-02-07,17:00,Tunisia,Senegal,1.0,0.0,Quarter-finals,,Stade 7 Novembre, Rades,57000.0,2004,False,W
2004,2004-02-08,14:00,Cameroon,Nigeria,1.0,2.0,Quarter-finals,,Stade Mustapha Ben Jannet, Monastir,14750.0,2004,False,L
2004,2004-02-08,17:00,Morocco,Algeria,3.0,1.0,Quarter-finals, win after extra time ,Stade Taïeb El Mhiri, Sfax,22000.0,2004,False,W
2004,2004-02-11,16:00,Tunisia,Nigeria,1.0,1.0,Semi-finals,Tunisia  win on Penalities 5-3,Stade 7 Novembre, Radès,56000.0,2004,False,D
2004,2004-02-11,19:00,Morocco,Mali,4.0,0.0,Semi-finals,,Stade Olympique de Sousse, Sousse,15000.0,2004,False,W
2004,2004-02-13,20:00,Nigeria,Mali,2.0,1.0,Third place match,,Stade Mustapha Ben Jannet, Monastir,2500.0,2004,False,W
2004,2004-02-14,14:30,Tunisia,Morocco,2.0,1.0,Final,,Stade 7 Novembre, Radès,65000.0,2004,False,W
2006,2006-01-20,19:00,Egypt,Libya,3.0,0.0,Group A,,Cairo International Stadium, Cairo,65000.0,2006,False,W
2006,2006-01-21,14:00,Morocco,Ivory Coast,0.0,1.0,Group A,,Cairo International Stadium, Cairo,8000.0,2006,False,L
2006,2006-01-24,17:15,Libya,Ivory Coast,1.0,2.0,Group A,,Cairo International Stadium, Cairo,42000.0,2006,False,L
2006,2006-01-24,20:00,Egypt,Morocco,0.0,0.0,Group A,,Cairo International Stadium, Cairo,67000.0,2006,False,D
2006,2006-01-28,19:00,Egypt,Ivory Coast,3.0,1.0,Group A,,Cairo International Stadium, Cairo,74000.0,2006,False,W
2006,2006-01-28,19:00,Libya,Morocco,0.0,0.0,Group A,,Cairo Military Academy Stadium, Cairo,5000.0,2006,False,D
2006,2006-01-21,17:15,Cameroon,Angola,3.0,1.0,Group B,,Cairo Military Academy Stadium, Cairo,8000.0,2006,False,W
2006,2006-01-21,20:00,Togo,Dr Congo,0.0,2.0,Group B,,Cairo Military Academy Stadium, Cairo,6000.0,2006,False,L
2006,2006-01-25,17:15,Angola,Dr Congo,0.0,0.0,Group B,,Cairo Military Academy Stadium, Cairo,2000.0,2006,False,D
2006,2006-01-25,20:00,Cameroon,Togo,2.0,0.0,Group B,,Cairo Military Academy Stadium, Cairo,3000.0,2006,False,W
2006,2006-01-29,19:00,Angola,Togo,3.0,2.0,Group B,,Cairo International Stadium, Cairo,4000.0,2006,False,W
2006,2006-01-29,19:00,Cameroon,Dr Congo,2.0,0.0,Group B,,Cairo Military Academy Stadium, Cairo,5000.0,2006,False,W
2006,2006-01-22,17:15,Tunisia,Zambia,4.0,1.0,Group C,,Harras El-Hedoud Stadium, Alexandria,16000.0,2006,False,W
2006,2006-01-22,20:00,South Africa,Guinea,0.0,2.0,Group C,,Harras El-Hedoud Stadium, Alexandria,10000.0,2006,False,L
2006,2006-01-26,17:15,Zambia,Guinea,1.0,2.0,Group C,,Harras El-Hedoud Stadium, Alexandria,24000.0,2006,False,L
2006,2006-01-26,20:00,Tunisia,South Africa,2.0,0.0,Group C,,Harras El-Hedoud Stadium, Alexandria,10000.0,2006,False,W
2006,2006-01-30,19:00,Tunisia,Guinea,0.0,3.0,Group C,,Harras El-Hedoud Stadium, Alexandria,18000.0,2006,False,L
2006,2006-01-30,19:00,Zambia,South Africa,1.0,0.0,Group C,,Alexandria Stadium, Alexandria,4000.0,2006,False,W
2006,2006-01-23,17:15,Nigeria,Ghana,1.0,0.0,Group D,,Port Said Stadium, Port Said,18000.0,2006,False,W
2006,2006-01-23,20:00,Zimbabwe,Senegal,0.0,2.0,Group D,,Port Said Stadium, Port Said,15000.0,2006,False,L
2006,2006-01-27,17:15,Ghana,Senegal,1.0,0.0,Group D,,Port Said Stadium, Port Said,18000.0,2006,False,W
2006,2006-01-27,20:00,Nigeria,Zimbabwe,2.0,0.0,Group D,,Port Said Stadium, Port Said,10000.0,2006,False,W
2006,2006-01-31,19:00,Nigeria,Senegal,2.0,1.0,Group D,,Port Said Stadium, Port Said,17000.0,2006,False,W
2006,2006-01-31,19:00,Ghana,Zimbabwe,1.0,2.0,Group D,,Ismailia Stadium, Ismailia,18500.0,2006,False,L
2006,2006-02-03,15:00,Guinea,Senegal,2.0,3.0,Quarter-finals,,Harras El-Hedoud Stadium, Alexandria,17000.0,2006,False,L
2006,2006-02-03,19:00,Egypt,Dr Congo,4.0,1.0,Quarter-finals,,Cairo International Stadium, Cairo,74000.0,2006,False,W
2006,2006-02-04,15:00,Nigeria,Tunisia,1.0,1.0,Quarter-finals,Nigeria  win on Penalities 6-5,Port Said Stadium, Port Said,10000.0,2006,False,D
2006,2006-02-04,19:00,Cameroon,Ivory Coast,1.0,1.0,Quarter-finals, Ivory Coast win on Penalities 11-12,Cairo Military Academy Stadium, Cairo,4000.0,2006,False,D
2006,2006-02-07,19:00,Egypt,Senegal,2.0,1.0,Semi-finals,,Cairo International Stadium, Cairo,74100.0,2006,False,W
2006,2006-02-07,15:00,Nigeria,Ivory Coast,0.0,1.0,Semi-finals,,Harras El-Hedoud Stadium, Alexandria,20000.0,2006,False,L
2006,2006-02-09,18:00,Senegal,Nigeria,0.0,1.0,Third-place match,,Cairo Military Academy Stadium, Cairo,11354.0,2006,False,L
2006,2006-02-10,18:00,Egypt,Ivory Coast,0.0,0.0,Final,Egypt  win on Penalities 4-2,Cairo International Stadium, Cairo,74100.0,2006,False,D
2008,2008-01-20,17:00,Ghana,Guinea,2.0,1.0,Group A,,Ohene Djan Stadium, Accra,35000.0,2008,False,W
2008,2008-01-21,15:00,Namibia,Morocco,1.0,5.0,Group A,,Ohene Djan Stadium, Accra,2000.0,2008,False,L
2008,2008-01-24,17:00,Guinea,Morocco,3.0,2.0,Group A,,Ohene Djan Stadium, Accra,15000.0,2008,False,W
2008,2008-01-24,19:30,Ghana,Namibia,1.0,0.0,Group A,,Ohene Djan Stadium, Accra,40000.0,2008,False,W
2008,2008-01-28,17:00,Ghana,Morocco,2.0,0.0,Group A,,Ohene Djan Stadium, Accra,40000.0,2008,False,W
2008,2008-01-28,17:00,Guinea,Namibia,1.0,1.0,Group A,,Sekondi-Takoradi Stadium, Sekondi-Takoradi,1000.0,2008,False,D
2008,2008-01-21,17:00,Nigeria,Ivory Coast,0.0,1.0,Group B,,Sekondi Stadium, Sekondi-Takoradi,20088.0,2008,False,L
2008,2008-01-21,19:45[7],Mali,Benin,1.0,0.0,Group B,,Sekondi Stadium, Sekondi-Takoradi,11000.0,2008,False,W
2008,2008-01-25,17:00,Ivory Coast,Benin,4.0,1.0,Group B,,Sekondi Stadium, Sekondi-Takoradi,13000.0,2008,False,W
2008,2008-01-25,19:30,Nigeria,Mali,0.0,0.0,Group B,,Sekondi Stadium, Sekondi-Takoradi,16000.0,2008,False,D
2008,2008-01-29,17:00,Nigeria,Benin,2.0,0.0,Group B,,Sekondi Stadium, Sekondi-Takoradi,4000.0,2008,False,W
2008,2008-01-29,17:00,Ivory Coast,Mali,3.0,0.0,Group B,,Ohene Djan Stadium, Accra,20000.0,2008,False,W
2008,2008-01-22,17:00,Egypt,Cameroon,4.0,2.0,Group C,,Baba Yara Stadium, Kumasi,42000.0,2008,False,W
2008,2008-01-22,19:30,Sudan,Zambia,0.0,3.0,Group C,,Baba Yara Stadium, Kumasi,35000.0,2008,False,L
2008,2008-01-26,17:00,Cameroon,Zambia,5.0,1.0,Group C,,Baba Yara Stadium, Kumasi,10000.0,2008,False,W
2008,2008-01-26,19:30,Egypt,Sudan,3.0,0.0,Group C,,Baba Yara Stadium, Kumasi,15000.0,2008,False,W
2008,2008-01-30,17:00,Cameroon,Sudan,3.0,0.0,Group C,,Tamale Stadium, Tamale,10000.0,2008,False,W
2008,2008-01-30,17:00,Egypt,Zambia,1.0,1.0,Group C,,Baba Yara Stadium, Kumasi,2000.0,2008,False,D
2008,2008-01-23,17:00,Tunisia,Senegal,2.0,2.0,Group D,,Tamale Stadium, Tamale,12000.0,2008,False,D
2008,2008-01-23,19:30,South Africa,Angola,1.0,1.0,Group D,,Tamale Stadium, Tamale,15000.0,2008,False,D
2008,2008-01-27,17:00,Senegal,Angola,1.0,3.0,Group D,,Tamale Stadium, Tamale,10000.0,2008,False,L
2008,2008-01-27,19:30,Tunisia,South Africa,3.0,1.0,Group D,,Tamale Stadium, Tamale,15000.0,2008,False,W
2008,2008-01-31,17:00,Senegal,South Africa,1.0,1.0,Group D,,Baba Yara Stadium, Kumasi,15000.0,2008,False,D
2008,2008-01-31,17:00,Tunisia,Angola,0.0,0.0,Group D,,Tamale Stadium, Tamale,10000.0,2008,False,D
2008,2008-02-03,17:00,Ghana,Nigeria,2.0,1.0,Quarter-finals,,Ohene Djan Stadium, Accra,45000.0,2008,False,W
2008,2008-02-03,20:30,Ivory Coast,Guinea,5.0,0.0,Quarter-finals,,Sekondi Stadium, Sekondi,14000.0,2008,False,W
2008,2008-02-04,17:00,Egypt,Angola,2.0,1.0,Quarter-finals,,Baba Yara Stadium, Kumasi,6000.0,2008,False,W
2008,2008-02-04,20:30,Tunisia,Cameroon,2.0,3.0,Quarter-finals, win after extra time ,Tamale Stadium, Tamale,15000.0,2008,False,L
2008,2008-02-07,17:00,Ghana,Cameroon,0.0,1.0,Semi-finals,,Ohene Djan Stadium, Accra,40000.0,2008,False,L
2008,2008-02-07,20:30,Ivory Coast,Egypt,1.0,4.0,Semi-finals,,Baba Yara Stadium, Kumasi,30000.0,2008,False,L
2008,2008-02-09,17:00,Ghana,Ivory Coast,4.0,2.0,Third place match,,Baba Yara Stadium, Kumasi,40000.0,2008,False,W
2008,2008-02-10,17:00,Cameroon,Egypt,0.0,1.0,Final,,Ohene Djan Stadium, Accra,35500.0,2008,False,L
2010,2010-01-10,20:00,Angola,Mali,4.0,4.0,Group A,,Estádio 11 de Novembro, Luanda,45000.0,2010,False,D
2010,2010-01-11,14:45,Malawi,Algeria,3.0,0.0,Group A,,Estádio 11 de Novembro, Luanda,1000.0,2010,False,W
2010,2010-01-14,17:00,Mali,Algeria,0.0,1.0,Group A,,Estádio 11 de Novembro, Luanda,4000.0,2010,False,L
2010,2010-01-14,19:30,Angola,Malawi,2.0,0.0,Group A,,Estádio 11 de Novembro, Luanda,48500.0,2010,False,W
2010,2010-01-18,17:00,Angola,Algeria,0.0,0.0,Group A,,Estádio 11 de Novembro, Luanda,40000.0,2010,False,D
2010,2010-01-18,17:00,Mali,Malawi,3.0,1.0,Group A,,Estádio do Chiazi, Cabinda,21000.0,2010,False,W
2010,2010-01-11,17:00,Ivory Coast,Burkina Faso,0.0,0.0,Group B,,Estádio do Chiazi, Cabinda,5000.0,2010,False,D
2010,2010-01-15,19:30,Ivory Coast,Ghana,3.0,1.0,Group B,,Estádio do Chiazi, Cabinda,23000.0,2010,False,W
2010,2010-01-19,17:00,Burkina Faso,Ghana,0.0,1.0,Group B,,Estádio 11 de Novembro, Luanda,8000.0,2010,False,L
2010,2010-01-12,17:00,Egypt,Nigeria,3.0,1.0,Group C,,Estádio Nacional de Ombaka, Benguela,18000.0,2010,False,W
2010,2010-01-12,19:30,Mozambique,Benin,2.0,2.0,Group C,,Estádio Nacional de Ombaka, Benguela,15000.0,2010,False,D
2010,2010-01-16,17:00,Nigeria,Benin,1.0,0.0,Group C,,Estádio Nacional de Ombaka, Benguela,8000.0,2010,False,W
2010,2010-01-16,19:30,Egypt,Mozambique,2.0,0.0,Group C,,Estádio Nacional de Ombaka, Benguela,16000.0,2010,False,W
2010,2010-01-20,17:00,Egypt,Benin,2.0,0.0,Group C,,Estádio Nacional de Ombaka, Benguela,12500.0,2010,False,W
2010,2010-01-20,17:00,Nigeria,Mozambique,3.0,0.0,Group C,,Estádio Nacional da Tundavala, Lubango,8050.0,2010,False,W
2010,2010-01-13,17:00,Cameroon,Gabon,0.0,1.0,Group D,,Estádio Nacional da Tundavala, Lubango,15000.0,2010,False,L
2010,2010-01-13,19:30,Zambia,Tunisia,1.0,1.0,Group D,,Estádio Nacional da Tundavala, Lubango,17000.0,2010,False,D
2010,2010-01-17,17:00,Gabon,Tunisia,0.0,0.0,Group D,,Estádio Nacional da Tundavala, Lubango,16000.0,2010,False,D
2010,2010-01-17,19:30,Cameroon,Zambia,3.0,2.0,Group D,,Estádio Nacional da Tundavala, Lubango,15000.0,2010,False,W
2010,2010-01-21,17:00,Gabon,Zambia,1.0,2.0,Group D,,Estádio Nacional de Ombaka, Benguela,11065.0,2010,False,L
2010,2010-01-21,17:00,Cameroon,Tunisia,2.0,2.0,Group D,,Estádio Nacional da Tundavala, Lubango,19000.0,2010,False,D
2010,2010-01-24,17:00,Angola,Ghana,0.0,1.0,Quarter-finals,,Estádio 11 de Novembro, Luanda,50000.0,2010,False,L
2010,2010-01-24,20:30,Ivory Coast,Algeria,2.0,3.0,Quarter-finals, win after extra time ,Estádio do Chiazi, Cabinda,10000.0,2010,False,L
2010,2010-01-25,17:00,Egypt,Cameroon,3.0,1.0,Quarter-finals, win after extra time ,Estádio Nacional de Ombaka, Benguela,12000.0,2010,False,W
2010,2010-01-25,20:30,Zambia,Nigeria,0.0,0.0,Quarter-finals, Nigeria win on Penalities 4-5,Estádio Nacional da Tundavala, Lubango,10000.0,2010,False,D
2010,2010-01-28,16:00,Ghana,Nigeria,1.0,0.0,Semi-finals,,Estádio 11 de Novembro, Luanda,7500.0,2010,False,W
2010,2010-01-28,20:30,Algeria,Egypt,0.0,4.0,Semi-finals,,Estádio Nacional de Ombaka, Benguela,25000.0,2010,False,L
2010,2010-01-30,17:00,Nigeria,Algeria,1.0,0.0,Third place play-off,,Estádio Nacional de Ombaka, Benguela,12000.0,2010,False,W
2010,2010-01-31,17:00,Ghana,Egypt,0.0,1.0,Final,,Estádio 11 de Novembro, Luanda,45000.0,2010,False,L
2012,2012-02-04,17:00,Zambia,Sudan,3.0,0.0,Quarterfinals,,Estadio de Bata, Bata,200.0,2012,False,W
2012,2012-02-04,20:00,Ivory Coast,Equatorial Guinea,3.0,0.0,Quarterfinals,,Nuevo Estadio de Malabo, Malabo,12500.0,2012,False,W
2012,2012-02-05,17:00,Gabon,Mali,1.0,1.0,Quarterfinals, Mali win on Penalities 4-5,Stade d'Angondjé, Libreville,30000.0,2012,False,D
2012,2012-02-05,20:00,Ghana,Tunisia,2.0,1.0,Quarterfinals, win after extra time ,Stade de Franceville, Franceville,8000.0,2012,False,W
2012,2012-02-08,17:00,Zambia,Ghana,1.0,0.0,Semifinals,,Estadio de Bata, Bata,12000.0,2012,False,W
2012,2012-02-08,20:00,Mali,Ivory Coast,0.0,1.0,Semifinals,,Stade d'Angondjé, Libreville,32000.0,2012,False,L
2012,2012-02-11,20:00,Ghana,Mali,0.0,2.0,Third place match,,Nuevo Estadio de Malabo, Malabo,15000.0,2012,False,L
2012,2012-02-12,20:30[note 1],Zambia,Ivory Coast,0.0,0.0,Final,Zambia  win on Penalities 8-7,Stade d'Angondjé, Libreville,40000.0,2012,False,D
2013,2013-02-02,17:00,Ghana,Cape Verde,2.0,0.0,Quarter-finals,,Nelson Mandela Bay Stadium, Port Elizabeth,8000.0,2013,False,W
2013,2013-02-02,20:30,South Africa,Mali,1.0,1.0,Quarter-finals, Mali win on Penalities 1-3,Moses Mabhida Stadium, Durban,45000.0,2013,False,D
2013,2013-02-03,17:00,Ivory Coast,Nigeria,1.0,2.0,Quarter-finals,,Royal Bafokeng Stadium, Rustenburg,25000.0,2013,False,L
2013,2013-02-03,20:30,Burkina Faso,Togo,1.0,0.0,Quarter-finals, win after extra time ,Mbombela Stadium, Nelspruit,27000.0,2013,False,W
2013,2013-02-06,17:00,Mali,Nigeria,1.0,4.0,Semi-finals,,Moses Mabhida Stadium, Durban,54000.0,2013,False,L
2013,2013-02-06,20:30,Burkina Faso,Ghana,1.0,1.0,Semi-finals,Burkina Faso  win on Penalities 3-2,Mbombela Stadium, Nelspruit,35000.0,2013,False,D
2013,2013-02-09,20:00,Mali,Ghana,3.0,1.0,Third place play-off,,Nelson Mandela Bay Stadium, Port Elizabeth,6000.0,2013,False,W
2013,2013-02-10,20:30,Nigeria,Burkina Faso,1.0,0.0,Final,,FNB Stadium, Johannesburg,85000.0,2013,False,W
2015,2015-01-31,17:00,Congo,Dr Congo,2.0,4.0,Quarter-finals,,Estadio de Bata, Bata,31670.0,2015,False,L
2015,2015-01-31,20:30,Tunisia,Equatorial Guinea,1.0,2.0,Quarter-finals, win after extra time ,Estadio de Bata, Bata,41000.0,2015,False,L
2015,2015-02-01,17:00,Ghana,Guinea,3.0,0.0,Quarter-finals,,Nuevo Estadio de Malabo, Malabo,14500.0,2015,False,W
2015,2015-02-01,20:30,Ivory Coast,Algeria,3.0,1.0,Quarter-finals,,Nuevo Estadio de Malabo, Malabo,15000.0,2015,False,W
2015,2015-02-04,20:00,Dr Congo,Ivory Coast,1.0,3.0,Semi-finals,,Estadio de Bata, Bata,30000.0,2015,False,L
2015,2015-02-05,20:00,Ghana,Equatorial Guinea,3.0,0.0,Semi-finals,,Nuevo Estadio de Malabo, Malabo,15520.0,2015,False,W
2015,2015-02-07,17:00,Dr Congo,Equatorial Guinea,0.0,0.0,Third place play-off,,Nuevo Estadio de Malabo, Malabo,15520.0,2015,False,D
2015,2015-02-08,20:00,Ivory Coast,Ghana,0.0,0.0,Final,Ivory Coast  win on Penalities 9-8,Estadio de Bata, Bata,32857.0,2015,False,D
2017,,17:00,Gabon,Guinea-Bissau,1.0,1.0,Group A,,Stade de l'Amitié, Libreville,39230.0,2017,False,D
2017,,20:00,Burkina Faso,Cameroon,1.0,1.0,Group A,,Stade de l'Amitié, Libreville,20720.0,2017,False,D
2017,,17:00,Gabon,Burkina Faso,1.0,1.0,Group A,,Stade de l'Amitié, Libreville,38250.0,2017,False,D
2017,,20:00,Cameroon,Guinea-Bissau,2.0,1.0,Group A,,Stade de l'Amitié, Libreville,,2017,False,W
2017,,20:00,Cameroon,Gabon,0.0,0.0,Group A,,Stade de l'Amitié, Libreville,,2017,False,D
2017,,20:00,Guinea-Bissau,Burkina Faso,0.0,2.0,Group A,,Stade de Franceville, Franceville,,2017,False,L
2017,,17:00,Algeria,Zimbabwe,2.0,2.0,Group B,,Stade de Franceville, Franceville,,2017,False,D
2017,,20:00,Tunisia,Senegal,0.0,2.0,Group B,,Stade de Franceville, Franceville,,2017,False,L
2017,,17:00,Algeria,Tunisia,1.0,2.0,Group B,,Stade de Franceville, Franceville,,2017,False,L
2017,,20:00,Senegal,Zimbabwe,2.0,0.0,Group B,,Stade de Franceville, Franceville,,2017,False,W
2017,,20:00,Senegal,Algeria,2.0,2.0,Group B,,Stade de Franceville, Franceville,,2017,False,D
2017,,20:00,Zimbabwe,Tunisia,2.0,4.0,Group B,,Stade de l'Amitié, Libreville,,2017,False,L
2017,,17:00,Ivory Coast,Togo,0.0,0.0,Group C,,Stade d'Oyem, Oyem,,2017,False,D
2017,,20:00,Dr Congo,Morocco,1.0,0.0,Group C,,Stade d'Oyem, Oyem,,2017,False,W
2017,,17:00,Ivory Coast,Dr Congo,2.0,2.0,Group C,,Stade d'Oyem, Oyem,,2017,False,D
2017,,20:00,Morocco,Togo,3.0,1.0,Group C,,Stade d'Oyem, Oyem,,2017,False,W
2017,,20:00,Morocco,Ivory Coast,1.0,0.0,Group C,,Stade d'Oyem, Oyem,,2017,False,W
2017,,20:00,Togo,Dr Congo,1.0,3.0,Group C,,Stade de Port-Gentil, Port-Gentil,,2017,False,L
2017,,17:00,Ghana,Uganda,1.0,0.0,Group D,,Stade de Port-Gentil, Port-Gentil,,2017,False,W
2017,,20:00,Mali,Egypt,0.0,0.0,Group D,,Stade de Port-Gentil, Port-Gentil,,2017,False,D
2017,,17:00,Ghana,Mali,1.0,0.0,Group D,,Stade de Port-Gentil, Port-Gentil,,2017,False,W
2017,,20:00,Egypt,Uganda,1.0,0.0,Group D,,Stade de Port-Gentil, Port-Gentil,,2017,False,W
2017,,20:00,Egypt,Ghana,1.0,0.0,Group D,,Stade de Port-Gentil, Port-Gentil,,2017,False,W
2017,,20:00,Uganda,Mali,1.0,1.0,Group D,,Stade d'Oyem, Oyem,,2017,False,D
2017,,17:00,Burkina Faso,Tunisia,2.0,0.0,Quarter-finals,,Stade de l'Amitié, Libreville,,2017,False,W
2017,,20:00,Senegal,Cameroon,0.0,0.0,Quarter-finals, Cameroon win on Penalities 4-5,Stade de Franceville, Franceville,,2017,False,D
2017,,17:00,Dr Congo,Ghana,1.0,2.0,Quarter-finals,,Stade d'Oyem, Oyem,,2017,False,L
2017,,20:00,Egypt,Morocco,1.0,0.0,Quarter-finals,,Stade de Port-Gentil, Port-Gentil,,2017,False,W
2017,,20:00,Burkina Faso,Egypt,1.0,1.0,Semi-finals, Egypt win on Penalities 3-4,Stade de l'Amitié, Libreville,,2017,False,D
2017,,20:00,Cameroon,Ghana,2.0,0.0,Semi-finals,,Stade de Franceville, Franceville,,2017,False,W
2017,,20:00,Burkina Faso,Ghana,1.0,0.0,Third place play-off,,Stade de Port-Gentil, Port-Gentil,,2017,False,W
2017,,20:00,Egypt,Cameroon,1.0,2.0,Final,,Stade de l'Amitié, Libreville,,2017,False,L
2019,,22:00,Egypt,Zimbabwe,1.0,0.0,Group A,,Cairo International Stadium, Cairo,73299.0,2019,False,W
2019,,16:30,Dr Congo,Uganda,0.0,2.0,Group A,,Cairo International Stadium, Cairo,1083.0,2019,False,L
2019,,19:00,Uganda,Zimbabwe,1.0,1.0,Group A,,Cairo International Stadium, Cairo,73589.0,2019,False,D
2019,,22:00,Egypt,Dr Congo,2.0,0.0,Group A,,Cairo International Stadium, Cairo,74219.0,2019,False,W
2019,,21:00,Uganda,Egypt,0.0,2.0,Group A,,Cairo International Stadium, Cairo,74566.0,2019,False,L
2019,,21:00,Zimbabwe,Dr Congo,0.0,4.0,Group A,,30 June Stadium, Cairo,4364.0,2019,False,L
2019,,19:00,Nigeria,Burundi,1.0,0.0,Group B,,Alexandria Stadium, Alexandria,3192.0,2019,False,W
2019,,22:00,Guinea,Madagascar,2.0,2.0,Group B,,Alexandria Stadium, Alexandria,5342.0,2019,False,D
2019,,16:30,Nigeria,Guinea,1.0,0.0,Group B,,Alexandria Stadium, Alexandria,10388.0,2019,False,W
2019,,16:30,Madagascar,Burundi,1.0,0.0,Group B,,Alexandria Stadium, Alexandria,4900.0,2019,False,W
2019,,18:00,Madagascar,Nigeria,2.0,0.0,Group B,,Alexandria Stadium, Alexandria,9895.0,2019,False,W
2019,,18:00,Burundi,Guinea,0.0,2.0,Group B,,Al Salam Stadium, Cairo,5753.0,2019,False,L
2019,,19:00,Senegal,Tanzania,2.0,0.0,Group C,,30 June Stadium, Cairo,7249.0,2019,False,W
2019,,22:00,Algeria,Kenya,2.0,0.0,Group C,,30 June Stadium, Cairo,8071.0,2019,False,W
2019,,19:00,Senegal,Algeria,0.0,1.0,Group C,,30 June Stadium, Cairo,25765.0,2019,False,L
2019,,22:00,Kenya,Tanzania,3.0,2.0,Group C,,30 June Stadium, Cairo,7233.0,2019,False,W
2019,,21:00,Kenya,Senegal,0.0,3.0,Group C,,30 June Stadium, Cairo,13224.0,2019,False,L
2019,,21:00,Tanzania,Algeria,0.0,3.0,Group C,,Al Salam Stadium, Cairo,8921.0,2019,False,L
2019,,16:30,Morocco,Namibia,1.0,0.0,Group D,,Al Salam Stadium, Cairo,6857.0,2019,False,W
2019,,16:30,Ivory Coast,South Africa,1.0,0.0,Group D,,Al Salam Stadium, Cairo,4961.0,2019,False,W
2019,,19:00,Morocco,Ivory Coast,1.0,0.0,Group D,,Al Salam Stadium, Cairo,27500.0,2019,False,W
2019,,22:00,South Africa,Namibia,1.0,0.0,Group D,,Al Salam Stadium, Cairo,16090.0,2019,False,W
2019,,18:00,South Africa,Morocco,0.0,1.0,Group D,,Al Salam Stadium, Cairo,12098.0,2019,False,L
2019,,18:00,Namibia,Ivory Coast,1.0,4.0,Group D,,30 June Stadium, Cairo,7530.0,2019,False,L
2019,,19:00,Tunisia,Angola,1.0,1.0,Group E,,Suez Stadium, Suez,7345.0,2019,False,D
2019,,22:00,Mali,Mauritania,4.0,1.0,Group E,,Suez Stadium, Suez,6202.0,2019,False,W
2019,,16:30,Tunisia,Mali,1.0,1.0,Group E,,Suez Stadium, Suez,16085.0,2019,False,D
2019,,16:30,Mauritania,Angola,0.0,0.0,Group E,,Suez Stadium, Suez,10120.0,2019,False,D
2019,,21:00,Mauritania,Tunisia,0.0,0.0,Group E,,Suez Stadium, Suez,7732.0,2019,False,D
2019,,21:00,Angola,Mali,0.0,1.0,Group E,,Ismailia Stadium, Ismailia,8135.0,2019,False,L
2019,,19:00,Cameroon,Guinea-Bissau,2.0,0.0,Group F,,Ismailia Stadium, Ismailia,5983.0,2019,False,W
2019,,22:00,Ghana,Benin,2.0,2.0,Group F,,Ismailia Stadium, Ismailia,8094.0,2019,False,D
2019,,19:00,Cameroon,Ghana,0.0,0.0,Group F,,Ismailia Stadium, Ismailia,16724.0,2019,False,D
2019,,22:00,Benin,Guinea-Bissau,0.0,0.0,Group F,,Ismailia Stadium, Ismailia,9212.0,2019,False,D
2019,,18:00,Benin,Cameroon,0.0,0.0,Group F,,Ismailia Stadium, Ismailia,14120.0,2019,False,D
2019,,18:00,Guinea-Bissau,Ghana,0.0,2.0,Group F,,Suez Stadium, Suez,6905.0,2019,False,L
2019,,18:00,Morocco,Benin,1.0,1.0,Round of 16, Benin win on Penalities 1-4,Al Salam Stadium, Cairo,7500.0,2019,False,D
2019,,21:00,Uganda,Senegal,0.0,1.0,Round of 16,,Cairo International Stadium, Cairo,6950.0,2019,False,L
2019,,18:00,Nigeria,Cameroon,3.0,2.0,Round of 16,,Alexandria Stadium, Alexandria,10000.0,2019,False,W
2019,,21:00,Egypt,South Africa,0.0,1.0,Round of 16,,Cairo International Stadium, Cairo,75000.0,2019,False,L
2019,,18:00,Madagascar,Dr Congo,2.0,2.0,Round of 16,Madagascar  win on Penalities 4-2,Alexandria Stadium, Alexandria,5890.0,2019,False,D
2019,,21:00,Algeria,Guinea,3.0,0.0,Round of 16,,30 June Stadium, Cairo,8205.0,2019,False,W
2019,,18:00,Mali,Ivory Coast,0.0,1.0,Round of 16,,Suez Stadium, Suez,7672.0,2019,False,L
2019,,21:00,Ghana,Tunisia,1.0,1.0,Round of 16, Tunisia win on Penalities 4-5,Ismailia Stadium, Ismailia,8890.0,2019,False,D
2019,,18:00,Senegal,Benin,1.0,0.0,Quarter-finals,,30 June Stadium, Cairo,5798.0,2019,False,W
2019,,21:00,Nigeria,South Africa,2.0,1.0,Quarter-finals,,Cairo International Stadium, Cairo,48343.0,2019,False,W
2019,,18:00,Ivory Coast,Algeria,1.0,1.0,Quarter-finals, Algeria win on Penalities 3-4,Suez Stadium, Suez,8233.0,2019,False,D
2019,,21:00,Madagascar,Tunisia,0.0,3.0,Quarter-finals,,Al Salam Stadium, Cairo,7568.0,2019,False,L
2019,,18:00,Senegal,Tunisia,1.0,0.0,Semi-finals, win after extra time ,30 June Stadium, Cairo,9143.0,2019,False,W
2019,,21:00,Algeria,Nigeria,2.0,1.0,Semi-finals,,Cairo International Stadium, Cairo,49775.0,2019,False,W
2019,,21:00,Tunisia,Nigeria,0.0,1.0,Third place play-off,,Al Salam Stadium, Cairo,6340.0,2019,False,L
2019,,21:00,Senegal,Algeria,0.0,1.0,Final,,Cairo International Stadium, Cairo,75000.0,2019,False,L
2022,,17:00,Cameroon,Burkina Faso,2.0,1.0,Group A,,Olembe Stadium, Yaoundé,36259.0,2022,False,W
2022,,20:00,Ethiopia,Cape Verde,0.0,1.0,Group A,,Olembe Stadium, Yaoundé,24371.0,2022,False,L
2022,,17:00,Cameroon,Ethiopia,4.0,1.0,Group A,,Olembe Stadium, Yaoundé,48000.0,2022,False,W
2022,,20:00,Cape Verde,Burkina Faso,0.0,1.0,Group A,,Olembe Stadium, Yaoundé,,2022,False,L
2022,,17:00,Cape Verde,Cameroon,1.0,1.0,Group A,,Olembe Stadium, Yaoundé,,2022,False,D
2022,,17:00,Burkina Faso,Ethiopia,1.0,1.0,Group A,,Kouekong Stadium, Bafoussam,,2022,False,D
2022,,14:00,Senegal,Zimbabwe,1.0,0.0,Group B,,Kouekong Stadium, Bafoussam,,2022,False,W
2022,,17:00,Guinea,Malawi,1.0,0.0,Group B,,Kouekong Stadium, Bafoussam,,2022,False,W
2022,,14:00,Senegal,Guinea,0.0,0.0,Group B,,Kouekong Stadium, Bafoussam,,2022,False,D
2022,,17:00,Malawi,Zimbabwe,2.0,1.0,Group B,,Kouekong Stadium, Bafoussam,,2022,False,W
2022,,17:00,Malawi,Senegal,0.0,0.0,Group B,,Kouekong Stadium, Bafoussam,,2022,False,D
2022,,17:00,Zimbabwe,Guinea,2.0,1.0,Group B,,Stade Ahmadou Ahidjo, Yaoundé,,2022,False,W
2022,,17:00,Morocco,Ghana,1.0,0.0,Group C,,Stade Ahmadou Ahidjo, Yaoundé,,2022,False,W
2022,,20:00,Comoros,Gabon,0.0,1.0,Group C,,Stade Ahmadou Ahidjo, Yaoundé,,2022,False,L
2022,,17:00,Morocco,Comoros,2.0,0.0,Group C,,Stade Ahmadou Ahidjo, Yaoundé,,2022,False,W
2022,,20:00,Gabon,Ghana,1.0,1.0,Group C,,Stade Ahmadou Ahidjo, Yaoundé,,2022,False,D
2022,,20:00,Gabon,Morocco,2.0,2.0,Group C,,Stade Ahmadou Ahidjo, Yaoundé,,2022,False,D
2022,,20:00,Ghana,Comoros,2.0,3.0,Group C,,Roumdé Adjia Stadium, Garoua,,2022,False,L
2022,,17:00,Nigeria,Egypt,1.0,0.0,Group D,,Roumdé Adjia Stadium, Garoua,,2022,False,W
2022,,20:00,Sudan,Guinea-Bissau,0.0,0.0,Group D,,Roumdé Adjia Stadium, Garoua,,2022,False,D
2022,,17:00,Nigeria,Sudan,3.0,1.0,Group D,,Roumdé Adjia Stadium, Garoua,,2022,False,W
2022,,20:00,Guinea-Bissau,Egypt,0.0,1.0,Group D,,Roumdé Adjia Stadium, Garoua,,2022,False,L
2022,,20:00,Guinea-Bissau,Nigeria,0.0,2.0,Group D,,Roumdé Adjia Stadium, Garoua,,2022,False,L
2022,,20:00,Egypt,Sudan,1.0,0.0,Group D,,Stade Ahmadou Ahidjo, Yaoundé,,2022,False,W
2022,,14:00,Algeria,Sierra Leone,0.0,0.0,Group E,,Japoma Stadium, Douala,,2022,False,D
2022,,20:00,Equatorial Guinea,Ivory Coast,0.0,1.0,Group E,,Japoma Stadium, Douala,,2022,False,L
2022,,17:00,Ivory Coast,Sierra Leone,2.0,2.0,Group E,,Japoma Stadium, Douala,,2022,False,D
2022,,20:00,Algeria,Equatorial Guinea,0.0,1.0,Group E,,Japoma Stadium, Douala,,2022,False,L
2022,,17:00,Ivory Coast,Algeria,3.0,1.0,Group E,,Japoma Stadium, Douala,,2022,False,W
2022,,17:00,Sierra Leone,Equatorial Guinea,0.0,1.0,Group E,,Limbe Stadium, Limbe,,2022,False,L
2022,,14:00,Tunisia,Mali,0.0,1.0,Group F,,Limbe Stadium, Limbe,,2022,False,L
2022,,17:45[note 1],Mauritania,Gambia,0.0,1.0,Group F,,Limbe Stadium, Limbe,,2022,False,L
2022,,14:00,Gambia,Mali,1.0,1.0,Group F,,Limbe Stadium, Limbe,,2022,False,D
2022,,17:00,Tunisia,Mauritania,4.0,0.0,Group F,,Limbe Stadium, Limbe,,2022,False,W
2022,,20:00,Gambia,Tunisia,1.0,0.0,Group F,,Limbe Stadium, Limbe,,2022,False,W
2022,,20:00,Mali,Mauritania,2.0,0.0,Group F,,Japoma Stadium, Douala,,2022,False,W
2022,,17:00,Burkina Faso,Gabon,1.0,1.0,Round of 16,Burkina Faso  win on Penalities 7–6,Limbe Stadium, Limbe,,2022,False,D
2022,,20:00,Nigeria,Tunisia,0.0,1.0,Round of 16,,Roumdé Adjia Stadium, Garoua,,2022,False,L
2022,,17:00,Guinea,Gambia,0.0,1.0,Round of 16,,Kouekong Stadium, Bafoussam,,2022,False,L
2022,,20:00,Cameroon,Comoros,2.0,1.0,Round of 16,,Olembe Stadium, Yaoundé,,2022,False,W
2022,,17:00,Senegal,Cape Verde,2.0,0.0,Round of 16,,Kouekong Stadium, Bafoussam,,2022,False,W
2022,,20:00,Morocco,Malawi,2.0,1.0,Round of 16,,Ahmadou Ahidjo Stadium, Yaoundé,,2022,False,W
2022,,17:00,Ivory Coast,Egypt,0.0,0.0,Round of 16, Egypt win on Penalities 4–5,Japoma Stadium, Douala,,2022,False,D
2022,,20:00,Mali,Equatorial Guinea,0.0,0.0,Round of 16, Equatorial Guinea win on Penalities 5–6,Limbe Stadium, Limbe,,2022,False,D
2022,,17:00,Gambia,Cameroon,0.0,2.0,Quarter-finals,,Japoma Stadium, Douala,,2022,False,L
2022,,20:00,Burkina Faso,Tunisia,1.0,0.0,Quarter-finals,,Roumdé Adjia Stadium, Garoua,,2022,False,W
2022,,16:00[note 2],Egypt,Morocco,2.0,1.0,Quarter-finals, win after extra time ,Ahmadou Ahidjo Stadium, Yaoundé[note 3],,2022,False,W
2022,,20:00,Senegal,Equatorial Guinea,3.0,1.0,Quarter-finals,,Ahmadou Ahidjo Stadium, Yaoundé[note 4],,2022,False,W
2022,,20:00,Burkina Faso,Senegal,1.0,3.0,Semi-finals,,Ahmadou Ahidjo Stadium, Yaoundé[note 4],,2022,False,L
2022,,20:00,Cameroon,Egypt,0.0,0.0,Semi-finals, Egypt win on Penalities 1–3,Olembe Stadium, Yaoundé,,2022,False,D
2022,,20:00[note 5],Burkina Faso,Cameroon,3.0,3.0,Third place play-off,,Ahmadou Ahidjo Stadium, Yaoundé,,2022,False,D
2022,,20:00,Senegal,Egypt,0.0,0.0,Final,Senegal  win on Penalities 4–2,Olembe Stadium, Yaoundé,,2022,False,D
